本出版物,阐述,对抗全过程中在电磁频谱以及通过电磁频谱展开的军事行动,553,554
司令部,_,和,555,0
职责,_,和,556,0
总部,_,和,557,0
关系,_,和,558,0
部队,_,和,559,0
本出版物,描述,和,553,0
关系,_,和,558,1
职责,_,和,556,1
它,构建,实施联合电磁频谱作战的框架,560,561
环境,_,所,562,2
行动,_,所,563,2
电磁频谱,是,所,564,2
环境,_,和,562,3
行动,_,和,563,3
各个方面,影响,和,565,3
夺取电磁频谱优势的战斗,持续,一个多世纪,566,567
民用,_,以及,568,4
军用,_,以及,569,4
依赖,_,以及,570,4
商用,_,以及,571,4
电磁频谱技术的发展,导致,以及,572,4
商用,_,和,571,5
民用,_,和,568,5
军用,_,和,569,5
和,依赖,于电磁频谱,5,573
民用,_,以及,568,6
军用,_,以及,569,6
商用,_,以及,571,6
以及,呈,指数级增长,6,574
成本,_,以及,575,7
依赖,_,以及,570,7
以及,构成,巨大的军事挑战,7,576
训练,_,和,577,8
行动,_,和,563,8
约束,_,和,578,9
需求,_,和,579,9
和,是,和,8,9
环境,具有,挑战性,562,580
战略,_,和,581,10
战术,_,和,582,10
战役,_,和,583,10
军事力量,取得,和,584,10
国,_,和,585,11
美国,_,和,586,11
军事力量,整合,联合电磁频谱作战,584,587
联合电磁频谱作战,提供,支持,587,588
联合电磁频谱作战,取得,预期目标,587,589
联合电磁频谱作战,达成,最终状态,587,590
消除,_,以及,591,12
进行,_,以及,592,12
实施联合电磁频谱作战,是,以及,593,12
消除,_,以及,591,13
进行,_,以及,592,13
危机,升级,武装冲突,594,595
危机,为,武装冲突,594,595
联合电磁频谱作战,夺取,电磁频谱优势,587,596
管理,_,和,597,14
攻击,_,和,598,14
防护,_,和,599,14
利用,_,和,600,14
联合电磁频谱作战,是,和,587,14
联合部队,采取,军事行动,601,602
接收,_,和,603,15
发射,_,和,604,15
电磁辐射,_,和,605,16
频率,_,和,606,16
磁场,_,和,607,16
电场,_,和,608,16
波长,_,和,609,16
电磁频谱,是,和,564,16
磁场,_,和,607,17
频率,_,和,606,17
电场,_,和,608,17
波长,_,和,609,17
电磁辐射,_,和,605,17
空间,组成,和,610,17
可见光,_,和,611,18
微波,_,和,612,18
辐射,_,和,613,18
X射线,_,和,614,18
无线电波,_,和,615,18
示,_,和,616,18
伽马射线,_,和,617,18
电磁频谱,包括,和,564,18
辐射,_,或,613,19
平台,_,或,618,19
传导,_,或,619,19
功率,_,或,620,19
系统,_,或,621,19
时间,_,或,622,19
力量,_,或,623,19
电磁环境,是,或,624,19
系统,_,或,621,20
平台,_,或,618,20
力量,_,或,623,20
或,完成,任务,20,625
力量,_,或,623,21
系统,_,或,621,21
平台,_,或,618,21
力量,_,或,623,22
系统,_,或,621,22
平台,_,或,618,22
联合部队遇到的所有电磁辐射,造成,影响,626,627
环境,_,和,562,23
潜在,_,和,628,23
影响,_,和,627,23
电磁辐射,_,和,605,23
决策,_,和,629,23
条件,_,和,630,23
因素,_,和,631,23
应用,_,和,632,23
实际,_,和,633,23
电磁作战环境,是,和,634,23
决策,_,和,629,24
应用,_,和,632,24
应用,_,和,632,25
决策,_,和,629,25
实际,_,和,633,25
电磁辐射,_,和,605,25
因素,_,和,631,25
条件,_,和,630,25
环境,_,和,562,25
影响,_,和,627,25
潜在,_,和,628,25
综合体,组成,和,635,25
辐射,_,以及,613,26
对手,_,以及,636,26
环境,_,以及,562,26
敌方,_,以及,637,26
己方,_,以及,638,26
系统,_,以及,621,26
中立方,_,以及,639,26
它,包括,以及,560,26
电磁区域,受,影响,640,627
敌方,_,和,637,27
对手,_,和,636,27
己方,_,和,638,27
中立方,_,和,639,27
和,进行,辐射,27,613
辐射,_,或,613,28
接收,_,或,603,28
系统,_,或,621,28
它们,影响,联合作战,641,642
电磁作战环境,具有,以下属性,634,643
电磁作战环境,是,物理环境的一部分,634,644
电磁辐射,是,一种物理现象,605,645
静电,_,和,646,29
发射机,_,和,647,29
电力线,_,和,648,29
地形,_,和,649,29
因素,_,和,631,29
海况,_,和,650,29
天气,_,和,651,29
条件,_,和,630,29
系统,_,以及,621,30
机构,_,以及,652,30
和,影响,以及,29,30
系统,_,和,621,31
机构,_,和,652,31
和,进行,电磁辐射,31,605
环境,包括,电磁作战环境在内,562,653
对手,_,和,636,32
敌方,_,和,637,32
军事力量,获得,和,584,32
敌方,_,和,637,33
对手,_,和,636,33
优势地位,优于,和,654,33
电磁频谱,渗透,作战环境各部分,564,655
军事力量,使用,电磁作战环境,584,634
军事力量,整合,其作战行动,584,656
军事力量,同步,其作战行动,584,656
军事力量,增强,其作战行动,584,656
现代军事行动,依赖,用频活动,657,658
通过电磁频谱作战形成的广泛效果,使,电磁频谱作战,659,660
电磁频谱作战,成为,强大的兵力倍增器,660,661
电磁频谱,包含,无限的频率,564,662
政策,_,以及,663,34
物理,_,以及,664,34
技术,_,以及,665,34
用于军事目的,受到,以及,666,34
电磁辐射,具有,独特的物理特征,605,667
通信,_,或,668,35
感知,_,或,669,35
短程,_,或,670,35
远程,_,或,671,35
这,决定,或,672,35
条约,_,和,673,36
法律,_,和,674,36
法规,_,和,675,36
电磁频谱的使用,遵守,和,676,36
接入,_,和,677,37
利用,_,和,600,37
技术,限制,和,665,37
技术能力的进步,拓展,电磁频谱的使用,678,676
军事,_,和,679,38
非军事,_,和,680,38
密度,_,和,681,39
数量,_,和,682,39
和,导致,和,38,39
数量,_,和,682,40
密度,_,和,681,40
联合部队,面临,电磁作战环境,601,634
联合部队面临的电磁作战环境,是,拥塞的,683,684
特性,_,和,685,41
技术,_,和,665,41
军事,_,和,679,42
民事,_,和,686,42
相邻,_,或,687,43
发射,_,或,604,43
相同,_,或,688,43
接收,_,或,603,43
和,寻求,或,42,43
媒体,_,和,689,44
互联网,_,和,690,44
提供商,_,和,691,44
手机,_,和,692,44
和,继续,拓展其电磁频谱带宽需求,44,693
互联网,_,和,690,45
媒体,_,和,689,45
手机,_,和,692,45
提供商,_,和,691,45
和,拓展,其电磁频谱带宽需求,45,694
手机,_,和,692,46
互联网,_,和,690,46
提供商,_,和,691,46
媒体,_,和,689,46
和,压缩,便于联合部队机动的开放的电磁区域,46,695
电磁区域,便于,联合部队机动,640,696
这种拥塞,导致,对接收机的电磁干扰(EMI),697,698
有意,_,或,699,47
无意,_,或,700,47
电磁干扰(EMI),是,或,701,47
无意,_,或,700,48
有意,_,或,699,48
或,造成,电磁扰动,48,702
装备,_,和,703,49
系统,_,和,621,49
设备,_,和,704,49
电磁干扰(EMI),限制,和,701,49
现代军事行动,依赖,电磁频谱,657,564
对手,_,和,636,50
敌方,_,和,637,50
和,是,拒止我们成功使用电磁频谱的能力,50,705
我们,使用,电磁频谱,706,564
武器,_,和,707,51
导弹,_,和,708,51
导弹,_,和,708,52
武器,_,和,707,52
接收机,_,和,709,53
发射机,_,和,647,53
和,削弱,和,52,53
武器,_,和,707,54
导弹,_,和,708,54
发射机,_,和,647,55
接收机,_,和,709,55
和,摧毁,和,54,55
威胁方,进行,发射,710,604
联合部队,面临,电磁作战环境,601,634
联合部队所面临的电磁作战环境,是,不断变化的,711,712
电磁频谱中的军事活动,使,指挥官,713,714
指挥官,做出,决策,714,629
指挥官,开展,行动,714,563
指挥官,产生,效果,714,715
指挥官,提供,决定性优势,714,716
适应性,_,和,717,56
灵活性,_,和,718,56
频谱行动的敏捷性,提供,和,719,56
电磁战斗序列,是,整个战斗序列的一个子集,720,721
身份,_,和,722,57
参数,_,和,723,57
架构,_,和,724,57
作用,_,和,725,57
部署,_,和,726,57
它,包括,和,560,57
部署,_,和,726,58
系统,_,和,621,58
应用,_,和,632,58
这,包括,和,672,58
接收机,_,和,709,59
发射机,_,和,647,59
电磁战斗序列,识别,和,720,59
区域,感,兴趣,727,728
系统,_,和,621,60
平台,_,和,618,60
其,建立,链接,729,730
范围,_,和,731,61
位置,_,和,732,61
电磁战斗序列,确定,和,720,61
信号,_,和,733,62
频谱,_,和,734,62
电磁战斗序列,表征,和,720,62
电磁战斗序列,确定,其在更大建制内战斗序列中的作用,720,735
发射机,_,和,647,63
接收机,_,和,709,63
联合电磁频谱作战,考虑,和,587,63
发射,_,和,604,64
攻击,_,和,598,64
感知,_,和,669,64
接收,_,和,603,64
通信,_,和,668,64
欺骗,_,和,736,64
电磁频谱中的军事行动,包括,和,737,64
电磁能,采用,信息编码,738,739
发射,_,和,604,65
接收,_,和,603,65
和,支持,各种活动,65,740
信令,_,和,741,66
利用,_,和,600,66
分发,_,和,742,66
导航,_,和,743,66
处理,_,和,744,66
链路,_,和,745,66
广播,_,和,746,66
能力,_,和,747,66
传输,_,和,748,66
授时,_,和,749,66
活动,_,和,750,66
授时,_,和,749,67
导航,_,和,743,67
信令,支持,和,741,67
传输,_,和,748,68
活动,_,和,750,68
广播,支持,和,746,68
搜集,_,和,751,69
感知,_,和,669,69
瞄准,_,和,752,69
定位,_,和,753,69
有源感知系统(如空对空雷达、地面雷达、激光目标指示器等),发射,电磁信号,754,755
有源感知系统(如空对空雷达、地面雷达、激光目标指示器等),测量,接收到的反射信号,754,756
有源感知系统(如空对空雷达、地面雷达、激光目标指示器等),提取,高保真信息,754,757
无源感知系统,截获,电磁信号,758,755
表征,_,和,759,70
识别,_,和,760,70
定位,_,和,753,70
瞄准,_,和,752,70
无源感知系统,支持,和,758,70
系统,瞄准,目标,621,761
毫米波,_,与,762,71
微波,_,与,612,71
干扰机,_,与,763,71
能力,_,与,747,71
致炫器,_,与,764,71
目标,受,高能电磁辐射攻击,761,765
定位,_,与,753,72
时间,_,与,622,72
在空域中的机动,需要,与,766,72
电磁频谱机动,考虑,电磁频谱工作参数(如频率、功率、调制等),767,768
电磁频谱机动,获得,对敌优势,767,769
电磁频谱优势,是,电磁频谱中的控制程度,596,770
敌方,实施,作战行动,637,771
电磁频谱优势,是,通过联合电磁频谱作战取得的,596,772
电磁频谱优势,是,在整个作战环境获取优势的关键使能因素,596,773
全世界范围内,存在,数以万计的用频系统,774,775
传感器,_,和,776,73
削弱,_,和,777,73
系统,_,和,621,73
欺骗,_,和,736,73
摧毁,_,和,778,73
扰乱,_,和,779,73
利用,_,和,600,73
探测,_,和,780,73
当前的电磁频谱威胁,包括,和,781,73
系统,_,和,621,74
传感器,_,和,776,74
定向能武器,实施,攻击,782,598
平台,_,和,618,75
指挥,_,和,783,75
人员,_,和,784,75
控制,_,和,785,75
设施,_,和,786,75
传感器,_,和,776,75
系统,威胁,电磁频谱,621,564
导航,_,和,743,76
利用,_,和,600,76
使用,_,和,787,76
支持,_,和,588,76
感知,_,和,669,76
敌方,寻求,和,637,76
导航,_,与,743,77
感知,_,与,669,77
敌方,使用,商用现货系统,637,788
敌方,提高,美国和多国规划人员确定目标的难度,637,789
美国,_,和,586,78
国,_,和,585,78
和,确定,目标,78,761
电磁能,_,和,738,79
攻击,_,和,598,79
能,_,和,790,79
使用,_,和,787,79
控制,_,和,785,79
电磁战,指,和,791,79
电磁能,_,和,738,80
定向能,_,和,792,80
军事行动,使用,和,602,80
军事行动,攻击,敌方,602,637
组成部分,_,和,793,81
攻击,_,和,598,81
支援,_,和,794,81
防护,_,和,599,81
电磁战,包括,和,791,81
电磁战,是,联合电磁频谱作战的一项关键职能,791,795
联合部队,取得,胜利,601,796
操作,_,和,797,82
管理,_,和,597,82
工程,_,和,798,82
联合,_,和,799,83
协调,_,和,800,83
方案,_,和,801,83
管理,_,和,597,83
功能,_,和,802,83
电磁频谱管理,包括,和,803,83
电磁频谱管理,是,联合电磁频谱作战的关键职能,803,804
联合部队,夺取,胜利,601,796
管理,_,和,597,84
利用,_,和,600,84
防护,_,和,599,84
攻击,_,和,598,84
太空,_,和,805,85
系统,_,和,621,85
管理,_,和,597,85
人员,_,和,784,85
空间,_,和,610,85
电磁战,_,和,791,85
情报,_,和,806,85
和,依靠,和,84,85
情报,_,和,806,86
电磁战,_,和,791,86
太空,_,和,805,86
空间,_,和,610,86
管理,_,和,597,86
系统,_,和,621,87
人员,_,和,784,87
和,来自,和,87,86
这些任务领域,进行,规划,807,808
指南,_,和,809,88
规程,_,和,810,88
整合,_,和,811,89
排序,_,和,812,89
冲突,_,和,813,89
同步,_,和,814,89
和,进行,和,88,89
规程,_,和,810,90
指南,_,和,809,90
和,增强,统一行动,90,815
这样做的结果,是,形成电磁作战环境机动的完全一体化的方案，以取得电磁频谱优势并达成联合部队指挥官目标,816,817
战役,_,或,583,91
战略,_,或,581,91
战术,_,或,582,91
利用,是,或,600,91
电磁频谱系统,涉及,能够感知电磁作战环境,818,819
感知,_,和,669,92
告警,_,和,820,92
搜集,_,和,751,92
瞄准,_,和,752,92
感知系统,支持,和,821,92
电磁频谱传感器,是,有源的(如空对空雷达、敌我识别应答器),822,823
电磁频谱传感器,是,无源的(如雷达告警接收机、无源雷达、红外武器导引头),822,824
信号情报,是,情报的一类,825,826
种,_,和,827,93
组合,_,和,828,93
情报,_,和,806,93
信号情报,是,和,825,93
信号情报,提供,表征电磁作战环境的基础,825,829
雷达,_,和,830,94
设备,_,和,704,94
无线电,_,和,831,94
系统,_,和,621,94
信号情报,包括,和,825,94
设备,_,和,704,95
雷达,_,和,830,95
系统,_,和,621,95
无线电,_,和,831,95
电子情报,是,信号情报的子类,832,833
技术,_,或,665,96
核爆炸,_,或,834,96
情报,_,或,806,96
核辐射源,_,或,835,96
电子情报,是,或,832,96
电磁支援,是,电磁战的组成部分,836,837
规避,_,或,838,97
寻,_,或,839,97
实施,_,或,840,97
行动,_,或,563,97
定位,_,或,753,97
威胁,_,或,841,97
截获,_,或,842,97
瞄准,_,或,752,97
规划,_,或,808,97
识别,_,或,760,97
无意,_,或,700,97
有意,_,或,699,97
搜索,_,或,843,97
电磁支援,包括,或,836,97
作战指挥官,指派,行动,844,563
无意,_,或,700,98
有意,_,或,699,98
无意,_,或,700,99
有意,_,或,699,99
无意,_,或,700,100
有意,_,或,699,100
有意,_,或,699,101
无意,_,或,700,101
地形,_,和,649,102
时间,_,和,622,102
威胁,_,和,841,102
环境,_,和,562,102
联合电磁频谱作战分队,降低,和,845,102
环境,_,与,562,103
地形,_,与,649,103
威胁,_,与,841,103
时间,_,与,622,103
不确定性,有关,与,846,103
攻击,_,或,598,104
测量,_,与,847,105
特征,_,与,848,105
情报,_,与,806,106
支援,_,与,794,106
支援,_,与,794,107
情报,_,与,806,107
装备,执行,电磁支援任务,703,849
装备,执行,情报任务,703,850
执行,_,与,851,108
负责,_,或,852,109
是,_,或,853,109
指派,_,或,854,109
提供,_,或,855,109
实施,_,或,840,109
与,在于,或,108,109
搜集,_,或,751,110
实施,_,或,840,110
指派,_,或,854,110
谁,负责,或,856,110
这些装备的任务,是,提供什么以及任务目的是什么,857,858
任务目的,是,什么,859,860
情报,_,和,806,111
支援,_,和,794,111
目的,_,和,861,112
内容,_,和,862,112
范围,_,和,731,112
和,是,和,111,112
作战指挥官,指派,任务,844,625
搜索,_,或,843,113
识别,_,或,760,113
定位,_,或,753,113
无意,_,或,700,113
截获,_,或,842,113
有意,_,或,699,113
作战指挥官指派给电磁支援装备的任务,是,或,863,113
有意,_,或,699,114
无意,_,或,700,114
来源,辐射,电磁能,864,738
局长,_,或,865,115
指挥官,_,或,714,115
者,_,或,866,115
者,_,或,866,116
局长,_,或,865,116
指挥官,_,或,714,116
或,负责,给信号情报资产分派任务,116,867
瞄准,_,及,752,117
识别,_,及,760,117
规避,_,及,838,117
作战,_,及,868,117
实施,_,及,840,117
支持,_,及,588,117
制导,_,及,869,117
电磁支援的目的,是,及,870,117
制导,_,及,869,118
作战,_,及,868,118
活动,_,及,750,118
瞄准,_,及,752,118
规避,_,及,838,118
支援,_,和,794,119
行动,_,和,563,119
相似,_,或,871,120
资源,_,或,872,120
相同,_,或,688,120
资产,_,或,873,120
和,共享,或,119,120
资源,_,和,872,121
资产,_,和,873,121
资源,_,和,872,122
资产,_,和,873,122
行动,_,和,563,123
支援,_,和,794,123
和,搜集,满足两方面需求的情报,123,874
情报,满足,两方面需求,806,875
这,是,为用于情报所搜集的数据不能满足即时的作战需求,672,876
由情报领域适当部门,处理,用于电磁支援目的而搜集的信息,877,878
从电磁频谱中收集到的信息,有,“双重用途”,879,880
作战部队,使用,未经处理的信息,881,882
未经处理的信息,维持,态势感知,882,883
第二,是,信号情报,884,825
保存,_,和,885,124
处理,_,和,744,124
由相应的情报机构,进行,和,886,124
电磁攻击,是,电磁战的组成部分,887,837
攻击,_,或,598,125
使用,_,或,787,125
能,_,或,790,125
设施,_,或,786,125
设备,_,或,704,125
人员,_,或,784,125
武器,_,或,707,125
电磁攻击,包括,或,887,125
武器,_,或,707,126
定向能,_,或,792,126
反辐射,_,或,888,127
定向能,_,或,792,127
人员,_,或,784,128
设施,_,或,786,128
设备,_,或,704,128
压制,_,或,889,129
摧毁,_,或,778,129
削弱,_,或,777,129
其目的,是,或,890,129
干扰,_,和,891,130
入侵,_,和,892,130
典型的电磁攻击能力,包括,和,893,130
欺骗,_,或,736,131
注入,_,或,894,131
迷惑,_,或,895,131
电磁入侵,包括,或,896,131
电磁攻击,是,有源的(即辐射),887,897
电磁攻击,是,无源的(即非辐射/转发),887,898
致命性,_,和,899,132
非致命性,_,和,900,132
非致命性,_,和,900,133
致命性,_,和,899,133
武器,_,和,707,134
光电,_,和,901,134
微波,_,和,612,134
射频,_,和,902,134
激光,_,和,903,134
红外,_,和,904,134
和,包括,和,133,134
武器,使用,电磁脉冲,707,905
箔条,_,和,906,135
角反射器,_,和,907,135
无源电磁攻击系统的例子,包括,和,908,135
联合电磁频谱作战规划人员,使用,联合部队指挥官的指导,909,910
联合电磁频谱作战规划人员,整合,电磁攻击,909,887
联合电磁频谱作战规划人员,协调,作战效果,909,911
联合电磁频谱作战规划人员,结合,风险释放技术,909,912
联合电磁频谱作战规划人员,减少,附带损伤,909,913
这些活动,进行,压制,914,889
部队,_,或,559,136
设施,_,或,786,136
进行,_,或,592,136
扰乱,_,或,779,136
使,_,或,915,136
系统,_,或,621,136
装备,_,或,703,136
破坏,_,或,916,136
使用,_,或,787,136
压制,_,或,889,136
指挥,_,或,783,136
卫星,_,或,917,136
人员,_,或,784,136
传感器,_,或,776,136
雷达,_,或,830,136
摧毁,_,或,778,136
侦察,_,或,918,136
控制,_,或,785,136
监视,_,或,919,136
应用范例,包括,或,920,136
人员,_,或,784,137
设施,_,或,786,137
装备,_,或,703,137
人员,_,或,784,138
设施,_,或,786,138
装备,_,或,703,138
部队,_,或,559,139
装备,_,或,703,139
传感器,_,或,776,140
装备,_,或,703,140
卫星,_,或,917,140
部队,_,或,559,140
触发,_,和,921,141
寻,_,和,839,141
瞄准,_,和,752,141
防御性电磁攻击,描述,和,922,141
敌方,使用,电磁频谱,637,564
敌方,触发,武器,637,707
己方,免,威胁,638,841
己方,受,威胁,638,841
防护,_,或,599,142
自卫,_,或,923,142
攻击,_,和,598,143
防护,_,和,599,143
人员,_,和,784,144
装备,_,和,703,144
设施,_,和,786,144
能力,_,和,747,144
设施,_,和,786,145
EMI,_,和,924,145
干扰,_,和,891,145
攻击,_,和,598,145
能力,_,和,747,145
人员,_,和,784,145
装备,_,和,703,145
电磁防护,是,和,925,145
人员,_,和,784,146
设施,_,和,786,146
装备,_,和,703,146
能力,_,和,747,146
设施,_,和,786,147
装备,_,和,703,147
人员,_,和,784,147
能力,_,和,747,147
攻击,_,或,598,148
干扰,_,或,891,148
和,受,或,147,148
触发,_,和,921,149
使用,_,和,787,149
瞄准,_,和,752,149
寻,_,和,839,149
防御性电磁攻击,是,和,922,149
敌方,使用,电磁频谱,637,564
敌方,触发,武器,637,707
联合部队,依赖,对电磁作战环境的利用,601,926
对手,_,和,636,150
自己方,_,和,927,150
敌方,_,和,637,150
中立方,_,和,639,150
联合电磁频谱作战,降,和,587,150
联合电磁频谱作战,实现,必须的电磁频谱接入,587,928
电磁战,_,和,791,151
管理,_,和,597,151
防护,_,和,599,151
联合电磁频谱作战,整合,和,587,151
联合电磁频谱作战,使,联合部队的用频系统,587,929
电磁防护,是,电磁战的组成,925,930
中立方,_,和,639,152
现象,_,和,931,152
发生,_,和,932,152
摧毁,_,和,778,152
敌方,_,和,637,152
己方,_,和,638,152
人员,_,和,784,152
装备,_,和,703,152
保护,_,和,933,152
导致,_,和,934,152
对手,_,和,636,152
频谱,_,和,734,152
压制,_,和,889,152
削弱,_,和,777,152
设施,_,和,786,152
电磁防护,包括,和,925,152
设施,_,和,786,153
装备,_,和,703,153
人员,_,和,784,153
己方,_,或,638,154
发生,_,或,932,154
中立方,_,或,639,154
对手,_,或,636,154
使用,_,或,787,154
敌方,_,或,637,154
设施,_,和,786,155
装备,_,和,703,155
人员,_,和,784,155
敌方,_,或,637,156
己方,_,或,638,156
中立方,_,或,639,156
对手,_,或,636,156
或,使用,电磁频谱,156,564
敌方,_,或,637,157
中立方,_,或,639,157
对手,_,或,636,157
己方,_,或,638,157
现象的影响,发生,或,935,157
削弱,_,或,777,158
压制,_,或,889,158
摧毁,_,或,778,158
压制,_,或,889,159
摧毁,_,或,778,159
削弱,_,或,777,159
己方战斗能力,受到,或,936,159
流程,_,或,937,160
减少,_,或,938,160
属性,_,或,939,160
干扰,_,或,891,160
消除,_,或,591,160
能力,_,或,747,160
EMI,_,或,924,160
电磁防护重点,在于,或,940,160
系统,_,或,621,161
能力,_,或,747,161
流程,_,或,937,161
属性,_,或,939,161
或,消除,电磁干扰(EMI)影响,161,941
能力,_,或,747,162
属性,_,或,939,162
系统,_,或,621,162
流程,_,或,937,162
或,减少,电磁干扰(EMI)影响,162,941
流程,_,和,937,163
方法,_,和,942,163
硬件,_,和,943,163
程序,_,和,944,163
程序,_,和,944,164
硬件,_,和,943,164
流程,_,和,937,164
方法,_,和,942,164
和,使,己方的各项功能,164,945
己方的各项功能,发挥,其既定功能,945,946
装备,_,和,703,165
设施,_,和,786,165
人员,_,和,784,165
和,发射,电磁能,165,738
人员,_,和,784,166
设施,_,和,786,166
装备,_,和,703,166
和,反射,电磁能,166,738
搜集,_,和,751,167
磁,_,和,947,167
有,_,和,948,167
利用,_,和,600,167
识别,_,和,760,167
射频,_,和,902,167
光,_,和,949,167
热,_,和,950,167
这些电磁能,具有,和,951,167
信号特征,有,特点,952,953
技术,_,和,665,168
可观测性,_,和,954,168
和,提高,光电/红外对抗的效能,168,955
人员,_,和,784,169
设施,_,和,786,169
装备,_,和,703,169
设施,_,和,786,170
装备,_,和,703,170
人员,_,和,784,170
和,受,电磁能不良效果影响,170,956
电磁加固,是,一项应对电磁攻击(如激光、高功率微波、电磁脉冲)效应的电磁防护活动,957,958
电磁防护活动,应对,电磁攻击(如激光、高功率微波、电磁脉冲)效应,959,960
传感器,_,和,776,171
规程,_,和,810,171
特征,_,和,848,171
设备,_,和,704,171
武器,_,和,707,171
系统,_,和,621,171
战时保留模式,是,和,961,171
特征,_,和,848,172
规程,_,和,810,172
敌方指挥官,知道,和,962,172
有关电磁频谱协调措施更多的信息,参阅,附录F“电磁频谱协调措施”,963,964
截获,_,和,842,173
研究,_,和,965,173
如,_,和,966,173
电磁安全,指,和,967,173
非授权人员,研究,非通信电磁辐射(如雷达),968,969
非授权人员,获取,有价值信息,968,970
联合部队在电磁频谱中的所有行动,进行,管理,971,597
联合部队,保持,行动一致,601,972
造成,_,和,973,174
使,_,和,915,174
遭受,_,和,974,174
能力,_,和,747,174
系统,_,和,621,174
电磁频谱管理的目标,是,和,975,174
能力,_,和,747,175
系统,_,和,621,175
系统,_,和,621,176
能力,_,和,747,176
和,依靠,电磁频谱,176,564
系统,_,和,621,177
能力,_,和,747,177
和,完成,设计的功能,177,976
电磁频谱管理,提供,架构,803,724
电磁频谱管理,类似,空战中的空域管理,803,977
评估,_,和,978,178
指导,_,和,979,178
规划,_,和,808,178
监控,_,和,980,178
电磁战斗管理,包括,和,981,178
电磁战斗管理,支持,指挥官的目标,981,982
它,进行,协调指导,560,983
它,使,己方电磁频谱作战行动,560,984
电磁战斗管理,是,指挥官对形成作战环境的所有行动进行告知的一种机制,981,985
指挥官,进行,告知,714,986
软件,_,所,987,179
人员,_,所,784,179
程序,_,所,944,179
通信,_,所,668,179
装备,_,所,703,179
设施,_,所,786,179
指挥官,规划,所,714,179
通信,_,所,668,180
软件,_,所,987,180
设施,_,所,786,180
装备,_,所,703,180
人员,_,所,784,180
程序,_,所,944,180
指挥官,指挥,所,714,180
设施,_,所,786,181
装备,_,所,703,181
程序,_,所,944,181
软件,_,所,987,181
通信,_,所,668,181
人员,_,所,784,181
指挥官,控制,所,714,181
设施,_,和,786,182
人员,_,和,784,182
软件,_,和,987,182
程序,_,和,944,182
通信,_,和,668,182
装备,_,和,703,182
电磁频谱中的行动,必需,和,988,182
指挥,_,和,783,183
控制,_,和,785,183
规划,_,和,808,183
人员,_,和,784,184
设施,_,和,786,184
软件,_,和,987,184
通信,_,和,668,184
程序,_,和,944,184
装备,_,和,703,184
和,组成,和,184,183
指挥,_,和,783,185
支持,_,和,588,185
控制,_,和,785,185
感知,_,和,669,185
电磁战斗管理,提供,和,981,185
能力,_,与,747,186
发布,_,与,989,186
协调,_,与,800,186
系统,_,与,621,186
分配,_,与,990,186
分析,_,与,991,186
指定,_,与,992,186
申请,_,与,993,186
频率管理,包括,与,994,186
系统,_,与,621,187
能力,_,与,747,187
与,依赖,电磁频谱,187,564
非电磁攻击的电磁发射,分配,频率,995,606
说明,_,与,996,188
措施,_,与,997,188
频率管理,是,与,994,188
说明,_,与,996,189
措施,_,与,997,189
频率管理,包括,频谱分析、工程、评估用频系统并根据需求开发例如联合限制频率清单、联合通信—电子操作说明等电磁频谱产品,994,998
频率管理,开发,例如联合限制频率清单、联合通信—电子操作说明等电磁频谱产品,994,999
传感器,_,和,776,190
雷达,_,和,830,190
系统,_,和,621,190
信息,_,和,1000,190
通信,_,和,668,190
数据链,_,和,1001,190
无线电,_,和,831,190
频率管理的例子,包括,和,1002,190
与国家,进行,协调,1003,800
系统,使用,会从其他感兴趣区域跨越边界进行辐射,621,1004
系统,跨越,边界,621,1005
系统,进行,辐射,621,613
授权批准在一国内发射电磁能,是,一项主权权利,1006,1007
所在国,_,与,1008,191
司令部,_,与,555,191
与,确定,程序,191,944
所在国协调,完成,所在国协调,1009,1009
指挥官,_,和,714,192
参谋,_,和,1010,192
法律,_,或,674,193
法规,_,或,675,193
条约,_,或,673,193
和,清楚,或,192,193
条约,_,或,673,194
法规,_,或,675,194
法律,_,或,674,194
在所在国未经授权使用电磁频谱,违反,或,1011,194
指挥官,_,及其,714,195
参谋,_,及其,1010,195
法律顾问,帮助,及其,1012,195
指挥官,_,及其,714,196
参谋,_,及其,1010,196
法规,_,和,675,197
法律,_,和,674,197
条约,_,和,673,197
及其,了解,和,196,197
法规,_,和,675,198
条约,_,和,673,198
法律,_,和,674,198
拥塞,_,和,1013,199
对抗,_,和,1014,199
和,使,在电磁作战环境中,199,1015
来源,_,或,864,200
原因,_,或,1016,200
诊断,_,和,1017,201
报告,_,和,1018,201
消除,_,或,591,202
报告,_,或,1018,202
解决,_,或,1019,202
作战司令部,确保,或,1020,202
电磁干扰,是,有意的,1021,1022
辐射,_,或,613,203
谐波,_,或,1023,203
管理,_,或,597,203
产物,_,或,1024,203
操作,_,或,797,203
电磁干扰,是,或,1021,203
辐射,_,或,613,204
管理,_,或,597,204
产物,_,或,1024,204
操作,_,或,797,204
谐波,_,或,1023,204
程序,_,以及,944,205
手册,_,以及,1025,205
方案,_,以及,801,205
有关联合频谱干扰解决方案更多的信息,参阅,以及,1026,205
任务领域,相关,与联合电磁频谱作战,1027,1028
频谱,_,和,734,206
空间,_,和,610,206
多数军事系统,包含,和,1029,206
空间,_,和,610,207
电磁,_,和,1030,207
排序,_,和,812,208
同步,_,和,814,208
冲突,_,和,813,208
大多数联合电磁频谱作战,发生,在赛博空间以外,1031,1032
许多赛博空间行动,使用,电磁频谱,1033,564
许多赛博空间行动,建立,与目标的通信路径,1033,1034
例子,支持,赛博空间行动,1035,1036
电磁波形,_,和,1037,209
位置,_,和,732,209
位置,_,和,732,210
波形,_,和,1038,210
和,支持,威胁赛博空间行动,210,1039
行动,威胁,赛博空间,563,1040
管理能力,确保,赛博空间行动的活动与电磁作战环境中的其他军事电磁频谱活动不冲突,1041,1042
赛博空间行动的活动,冲突,与电磁作战环境中的其他军事电磁频谱活动,1043,1044
有关赛博空间行动更多的信息,参阅,联合出版物JP3_12《赛博空间行动》,1045,1046
所有太空作战,依靠,电磁频谱,1047,564
分发,_,和,742,211
感知,_,和,669,211
控制,_,和,785,211
所有太空作战,进行,和,1047,211
排序,_,和,812,212
冲突,_,和,813,212
整合,_,和,811,212
同步,_,和,814,212
同步,_,和,814,213
排序,_,和,812,213
冲突,_,和,813,213
整合,_,和,811,213
例子,支持,太空作战,1035,1048
辐射源,干扰,卫星链路,1049,1050
链路,_,或,745,214
链路,_,或,745,215
活动,_,与,750,216
干扰,_,以及,891,217
可能性,_,以及,1051,217
EMI,_,以及,924,217
人员,_,以及,784,217
装备,_,以及,703,217
风险,_,以及,1052,217
攻击,_,和,598,218
管理,_,和,597,218
防护,_,和,599,218
导航,_,和,743,219
授时,_,和,749,219
定位,_,和,753,219
己方部队,使用,和,1053,219
敌方,使用,这些信息,637,1054
有关太空作战更多的信息,参阅,联合出版物JP3_14《太空作战》,1055,1056
联合电磁频谱作战,提供,流程,587,937
能力,_,和,747,220
装备,_,和,703,220
系统,_,和,621,220
部队,_,和,559,220
危害,_,和,1057,221
兼容性,_,和,1058,221
EMI,_,和,924,221
干扰,_,和,891,221
脉冲,_,和,1059,221
电磁环境效应的例子,包括,和,1060,221
雷电,_,以及,1061,222
干扰,_,以及,891,222
天气,_,以及,651,222
影响,_,以及,627,222
危害,_,以及,1057,222
电磁辐射危害,包括,以及,1062,222
装备,_,和,703,223
装置,_,和,1063,223
系统,_,和,621,223
装备,_,和,703,224
装置,_,和,1063,224
系统,_,和,621,224
和,使用,电磁频谱,224,564
装备,_,和,703,225
装置,_,和,1063,225
系统,_,和,621,225
运用,_,来,1064,226
实现,_,来,1065,226
电磁兼容,涉及,来,1066,226
手段,_,或,1067,227
核爆,_,或,1068,227
武器,_,或,707,227
现象,_,或,931,227
电磁脉冲,是,或,905,227
武器,_,或,707,228
核爆,_,或,1068,228
手段,_,或,1067,228
现象,_,或,931,228
或,产生,电磁辐射,228,605
电压,_,和,1069,229
电流,_,和,1070,229
电磁脉冲,产生,和,905,229
高空电磁脉冲,产生,极大的破坏性场强,1071,1072
定向能武器,产生,极大的破坏性场强,782,1072
装备,_,和,703,230
防护,_,和,599,230
设施,_,和,786,230
人员,_,和,784,230
屏蔽,_,和,1073,230
防护,_,和,599,231
屏蔽,_,和,1073,231
发射机或天线装置,产生,超过安全水平的电磁辐射,1074,1075
电磁辐射,超过,安全水平,605,1076
人员,_,和,784,232
军械,_,和,1077,232
燃料,_,和,1078,232
发射机或天线装置,确保,作业安全,1074,1079
在电磁频谱中工作的系统,受,电磁环境效应的影响,1080,1081
装备,_,和,703,233
平台,_,和,618,233
系统,_,和,621,233
设备,_,和,704,233
军械,_,和,1077,233
设计,_,和,1082,234
测试,_,和,1083,234
和,暴露,和,234,233
互操作性,_,和,1084,235
安全性,_,和,1085,235
可靠性,_,和,1086,235
互操作性,_,和,1084,236
可靠性,_,和,1086,236
安全性,_,和,1085,236
性能,存在,明显的降级(无法完成指定任务),1087,1088
其,存在,电磁易损性,729,1089
联合电磁频谱作战规划人员,确定,电磁环境效应的关键影响,909,1090
手段,缓解,电磁环境效应,1067,1091
接收,_,与,603,237
发射,_,与,604,237
属性,_,和,939,238
位置,_,和,732,238
发射,_,和,604,238
时间,_,和,622,238
接收,_,和,603,238
有关电磁环境效应更多的信息,参阅,国防部指令DODI3222.03《国防部电磁环境效应项目》,1092,1093
指挥,_,和,783,239
整合,_,和,811,239
同步,_,和,814,239
活动,_,与,750,240
能力,_,与,747,240
与,有助于,和,240,239
活动,_,与,750,241
能力,_,与,747,241
联合部队指挥官,整合,与,1094,241
能力,_,与,747,242
活动,_,与,750,242
联合部队指挥官,同步,与,1094,242
能力,_,与,747,243
活动,_,与,750,243
的作战行动,依赖,电磁频谱,1095,564
管理,_,和,597,244
整合,_,和,811,244
这些行动,进行,和,1096,244
光学,_,和,1097,245
频段,_,和,1098,245
微波,_,和,612,245
无线电,_,和,831,245
频谱,_,和,734,245
指挥官的指挥控制,依赖,和,1099,245
微波,_,和,612,246
光学,_,和,1097,246
无线电,_,和,831,246
这些频段,受到,敌方的对抗,1100,1101
敌方,_,和,637,247
对手,_,和,636,247
民用,_,和,568,247
应用,_,和,632,247
商用,_,和,571,247
联合电磁频谱作战,消除,和,587,247
同步,_,和,814,248
排序,_,和,812,248
联合电磁频谱作战,保护,联合部队通信系统,587,1102
联合部队通信系统,受,敌方电磁攻击的威胁,1102,1103
指挥,_,和,783,249
控制,_,和,785,249
在电磁频谱中的作战,受到,和,1104,249
了解作战环境,是,联合作战的基础,1105,1106
传感器,依赖,于频谱,776,1107
无论是有源的(如合成孔径雷达)还是无源的(如情报监视侦察平台、无线电扫描仪、红外照相机),提供,近实时感知作战环境态势所需的大部分信息,1108,1109
近实时感知作战环境态势,需,信息,1110,1000
无论是有源的(如合成孔径雷达)还是无源的(如情报监视侦察平台、无线电扫描仪、红外照相机),提供,支持,1108,588
判断,_,和,1111,250
产品,_,和,1112,250
作战环境的联合情报准备,是,和,1113,250
判断,_,和,1111,251
产品,_,和,1112,251
联合情报机构,生成,和,1114,251
作战环境的联合情报准备,提供,支持,1113,588
排序,_,和,812,252
同步,_,和,814,252
整合,_,和,811,252
联合电磁频谱作战,增强,情报活动,587,1115
联合电磁频谱作战,是,支持火力的关键使能器,587,1116
使能器,支持,火力,1117,1118
削弱,_,和,777,253
欺骗,_,和,736,253
摧毁,_,和,778,253
中断,_,和,1119,253
电磁攻击能力(包括定向能),产生,和,1120,253
削弱,_,和,777,254
欺骗,_,和,736,254
中断,_,和,1119,254
摧毁,_,和,778,254
指挥,_,和,783,255
需求,_,和,579,255
导引头,_,和,1121,255
传感器,_,和,776,255
数据链,_,和,1001,255
控制,_,和,785,255
许多火力系统,具有,和,1122,255
目标瞄准传感器,依赖,于频谱,1123,1107
联合电磁频谱作战管理职能,消除,这些系统间的冲突,1124,1125
排序,_,和,812,256
整合,_,和,811,256
联合电磁频谱作战管理职能,进行,和,1124,256
联合电磁频谱作战管理职能,保护,它们,1124,641
它们,受,敌方电磁频谱作战的影响,641,1126
领域,_,和,1127,257
是,_,和,853,257
电磁战,_,和,791,257
作战,_,和,868,257
作战,_,和,868,258
领域,_,和,1127,258
电磁战,_,和,791,258
领域,_,和,1127,259
电磁战,_,和,791,259
作战,_,和,868,259
和,产生,协同效应,259,1128
致命,_,或,1129,260
电磁攻击,产生,或,887,260
支援,_,和,794,261
情报,_,和,806,261
武器化,_,和,1130,262
瞄准,_,和,752,262
和,提供,和,261,262
运动,_,与,1131,263
机动,_,与,1132,263
运动,_,与,1131,264
机动,_,与,1132,264
与,获取,对敌方的优势地位,264,1133
模式,_,与,1134,265
频率,_,与,606,265
方向,_,与,1135,265
波形,_,与,1038,265
特性,_,与,685,265
功率,_,与,620,265
用频系统,改变,与,1136,265
联合部队,使用,电磁攻击,601,887
联合部队,占用,关键频段,601,1137
联合部队,引导,敌方,601,637
敌方,使用,电磁频谱,637,564
致命,_,和,1129,266
联合部队,产生,和,601,266
机动部队,进行,有效的联合行动,1138,1139
支持,_,和,588,267
防护,_,和,599,267
火力,_,和,1118,267
控制,_,和,785,267
信息,_,和,1000,267
情报,_,和,806,267
联合电磁频谱作战,提供,和,587,267
联合电磁频谱作战,提供,保护,587,933
敌方,_,和,637,268
对手,_,和,636,268
商用,_,和,571,268
民用,_,和,568,268
联合电磁频谱作战,消除,和,587,268
民用,_,和,568,269
商用,_,和,571,269
敌方,_,和,637,269
对手,_,和,636,269
和,使用,电磁频谱,269,564
联合部队战斗识别系统,确定,优先级,1140,1141
联合电磁频谱作战,进行,整合,587,811
联合电磁频谱作战,保护,它们,587,641
它们,受,敌方电磁攻击的影响,641,1142
对手,_,与,636,270
通信,_,与,668,270
商用,_,与,571,270
民用,_,与,568,270
使用,_,与,787,270
联合电磁频谱作战,消除,与,587,270
民用/商用/对手/敌方,使用,电磁频谱,1143,564
联合电磁频谱作战,确定,优先级,587,1141
联合电磁频谱作战,同步,各组成部队的通信,587,1144
联合电磁频谱作战,保护,联合部队通信,587,1145
联合部队通信,受,敌方电磁攻击的影响,1145,1142
维护活动,提供,支持,1146,588
由联合电磁频谱作战提供支持的维护活动,确保,行动自由,1147,1148
由联合电磁频谱作战提供支持的维护活动,扩大,作战范围,1147,1149
由联合电磁频谱作战提供支持的维护活动,延长,战斗持续时间,1147,1150
联合电磁频谱作战,是,贯穿电磁作战环境的信息活动(如公共事务、军事信息支援行动、赛博空间行动)的关键使能器,587,1151
信息活动,贯穿,电磁作战环境,1152,634
规划,_,与,808,271
实施,_,与,840,271
与,是,联合部队指挥官的职权,271,1153
要求,_,以及,1154,272
分派,_,以及,1155,272
数量,_,以及,682,272
规模,_,以及,1156,272
完成,_,以及,1157,272
以及,是,影响参谋机构的因素,272,1158
因素,影响,参谋机构,631,1159
需求,_,和,579,273
职能,_,和,1160,273
机构,_,和,652,273
本章,规划,和,1161,273
需求,_,和,579,274
职能,_,和,1160,274
机构,_,和,652,274
实施,_,和,840,275
规划,_,和,808,275
本章,介绍,和,1161,275
各军种,实施,电磁频谱作战,1162,660
职能,_,/,1160,276
军种,_,/,1163,276
本章,提供,/,1161,276
军种,_,/,1163,277
职能,_,/,1160,277
/,组成,部队,277,559
联合部队指挥官参谋的联合电磁频谱作战职能,进行,交互,1164,1165
颁布,_,与,1166,278
评估,_,与,978,278
指南,_,与,809,278
规划,_,与,808,278
制定,_,与,1167,278
实施,_,与,840,278
政策,_,与,663,278
联合部队指挥官,负责,与,1094,278
政策,_,与,663,279
实施,_,与,840,279
指南,_,与,809,279
规划,_,与,808,279
评估,_,与,978,279
政策,_,与,663,280
实施,_,与,840,280
指南,_,与,809,280
规划,_,与,808,280
评估,_,与,978,280
政策,_,与,663,281
指南,_,与,809,281
人员,受训,联合电磁频谱作战,784,587
指挥官,_,及其,714,282
及其,建立,一个常设的联合电磁频谱作战分队,282,1168
指挥官,_,及其,714,283
及其,支持,指派部队的电磁频谱,283,1169
作战指挥官,得到,支持,844,588
每位得到支持的作战指挥官,制定,指挥政策,1170,1171
获得,_,及其,1172,284
授权,_,及其,1173,284
区域,_,及其,727,284
完成,_,及其,1157,284
司令部,_,及其,555,284
使用,_,及其,787,284
每位得到支持的作战指挥官,明确,及其,1170,284
指定的军事力量,使用,电磁频谱,1174,564
指定的军事力量,完成,指定任务,1174,1175
指挥官,得到,支持,714,588
每位得到支持的联合部队指挥官,传达,在联合作战区域内获取电磁频谱优势的指南,1176,1177
意图,_,以及,1178,285
说明,_,以及,996,285
方式,_,以及,1179,285
需求,_,以及,579,285
指导,_,以及,979,285
该指南,包含,以及,1180,285
较低层级,解决,用户优先级问题,1181,1182
力量,_,和,623,286
当局,_,和,1183,286
和,保持,密切联系,286,1184
当局,_,和,1183,287
力量,_,和,623,287
作战,_,和,868,288
训练,_,和,577,288
演习,_,和,1185,288
规划,_,和,808,288
和,确保,和,287,288
用频,_,和,1186,289
使用,_,和,787,289
传输,_,和,748,289
规程,_,和,810,289
政策,_,和,663,289
保护,_,和,933,289
规程,_,和,810,290
政策,_,和,663,290
和,保护,用频系统的可重编程波形(即电磁频谱技术数据),290,1187
政策,_,和,663,291
传输,_,和,748,291
保护,_,和,933,291
规程,_,和,810,291
使用,_,和,787,291
用频,_,和,1186,291
特征,_,与,848,292
中立方,_,与,639,292
管理,_,以及,597,293
规划,_,以及,808,293
评估,_,以及,978,293
协调,_,以及,800,293
监控,_,以及,980,293
实施,_,以及,840,293
电磁频谱协调机构,进行,以及,1188,293
联合部队指挥官,授予,电磁频谱协调权,1094,1189
联合部队,指派,任务,601,625
技能,_,和,1190,294
任务,_,和,625,294
和,决定,实际授权,294,1191
授权代表,联络,联合电磁频谱作战分队队长,1192,1193
授权代表,履行,职能,1192,1160
指南,指导,电磁频谱作战,809,660
指南,支持,联合电磁频谱作战,809,587
说明,_,以及,996,295
目标,_,以及,761,295
指南,_,以及,809,295
优先级,_,以及,1141,295
清单,_,以及,1194,295
规划,_,以及,808,295
指令,_,以及,1195,295
指令,_,以及,1195,296
说明,_,以及,996,296
目标,_,以及,761,296
规划,_,以及,808,296
清单,_,以及,1194,296
优先级,_,以及,1141,296
联合参谋部各处(如联合参谋部情报处(J_2)、联合参谋部作战处(J_3)、联合参谋部后勤处(J_4)、联合参谋部规划处(J_5)、联合参谋部通信系统处(J_6)),提供,所需的支持,1196,1197
要求,_,与,1154,297
限制,_,与,1198,297
限制,_,和,1198,298
要求,_,和,1154,298
流程,整合,和,937,298
国家,受,影响,1199,627
同步,_,以及,814,299
排序,_,以及,812,299
整合,_,以及,811,299
管理,_,以及,597,299
冲突,_,以及,813,299
所有联合电磁频谱用户之间,需,协调,1200,800
规程,_,和,810,300
政策,_,和,663,300
用户,定义,作战场景,1201,1202
目标,_,和,761,301
优势,_,和,1203,301
发射,_,或,604,302
停止,_,或,1204,302
电磁攻击控制权,是,或,1205,302
发射,_,或,604,303
停止,_,或,1204,303
指挥官,发出,或,714,303
指挥官,停止,发射,714,604
由联合部队指挥官,授权,该项权力,1206,1207
指挥官,具备,以下能力,714,1208
系统,具有,电磁攻击能力,621,1209
联合部队电磁攻击辐射活动,符合,电磁,1210,1030
联合电磁频谱作战分队内的联合频率管理办公室代表,协调,电磁频谱管理工作,1211,1212
电磁频谱管理代表,负责,联合电磁频谱作战分队的电磁频谱管理领导/协调工作,1213,1214
_1,提供,指导,1215,979
干扰,_,和,891,304
管理,_,和,597,304
EMI,_,和,924,304
机构,_,或,652,305
所在国,_,或,1008,305
使用限制指南,适用,或,1216,305
与批准的电磁频谱协调措施,保持,一致,1217,1218
与联合部队各组成部队,协调,电磁频谱需求,1219,1220
特遣部队,_,或,1221,306
部队,_,或,559,306
联合,_,或,799,307
部队,_,或,559,307
或,提交,电磁频,307,1222
发布,_,和,989,308
更新,_,和,1223,308
协调,_,和,800,308
制定,_,和,1167,308
维护,_,和,1224,309
规划,_,和,808,309
控制,_,和,785,309
使用,_,和,787,309
协调,_,和,800,309
和,需,通用,309,1225
通信,_,和,668,310
雷达,_,和,830,310
发射机,_,和,647,310
接收机,_,和,709,310
传感器,_,和,776,310
无人机,_,和,1226,310
该频率数据库,包含,和,1227,310
人员,_,和,784,311
成员,_,和,1228,311
联合电磁频谱作战分队核心成员,代表,联合参谋部情报处,1229,1230
整合,_,和,811,312
去,_,和,1231,312
排序,_,和,812,312
规划,_,和,808,312
协调,_,和,800,312
冲突,_,和,813,312
同步,_,和,814,312
联合电磁频谱作战分队核心成员,负责,和,1229,312
行动,_,与,563,313
搜集,_,与,751,313
搜集,_,和,751,314
输入,_,和,1232,314
中立方,_,和,639,315
所在国,_,和,1008,315
敌方,_,和,637,315
对手,_,和,636,315
联合电磁频谱作战分队,确定,电磁干扰(EMI)来源,845,1233
联合电磁频谱作战分队,确定,目标,845,761
活动,_,和,750,316
能力,_,和,747,316
确保作战环境的联合情报准备中,包含,和,1234,316
活动,_,和,750,317
能力,_,和,747,317
联络人,_,或,1235,318
作战,_,或,868,318
电磁战,_,或,791,318
人员,_,或,784,318
配备,_,或,1236,318
评估,_,或,978,318
行动,_,或,563,318
行动,_,或,563,319
作战,_,或,868,319
联络人,_,/,1235,320
电磁战,_,/,791,320
人员,_,/,784,320
作战,_,/,868,320
战斗损伤评估小组,配备,/,1237,320
人员,受,联合电磁频谱作战/电磁战训练,784,1238
联络人,受,联合电磁频谱作战/电磁战训练,1235,1238
作战,_,或,868,321
电磁战,_,或,791,321
战斗损伤评估小组,评估,或,1237,321
作战,_,或,868,322
行动,_,或,563,322
导航,_,和,743,323
授时,_,和,749,323
联合电磁频谱作战分队,确定,和,845,323
授时,_,和,749,324
导航,_,和,743,324
来源,影响,指控技术操作,864,1239
联合部队指挥官,指定,协调机构,1094,1240
评估,_,和,978,325
方法,_,和,942,325
危害,_,和,1057,326
配置,_,或,1241,327
采办,_,或,1242,327
大气,_,和,1243,328
太空,_,和,805,328
现象,_,和,931,328
效应,_,和,1244,328
大气,_,和,1243,329
太空,_,和,805,329
和,影响,电磁作战环境,329,634
维护,_,和,1224,330
分发,_,和,742,330
支援,_,和,794,330
为电磁频谱作战分队确定的优先级高的部队,协调,和,1245,330
与联合电磁频谱作战分队,确保,将联合电磁频谱作战纳入计划,1246,1247
所在国,_,和,1008,331
合作方,_,和,1248,331
和,制定,协调程序,331,1249
联合部队指挥官,指定,机构,1094,652
联合电磁频谱作战分队核心成员,代表,联合参谋部通信系统处,1229,1250
整合,_,和,811,332
排序,_,和,812,332
同步,_,和,814,332
去,_,和,1231,332
冲突,_,和,813,332
规划,_,和,808,332
协调,_,和,800,332
干扰,_,所,891,333
破坏,_,所,916,333
EMI,_,所,924,333
联合电磁频谱作战分队,解决,所,845,333
联合电磁频谱作战小组,开发,电磁频谱数据库,1251,1252
与所在国电磁频谱组织,协商,军用电磁频谱的使用,1253,1254
管理,_,和,597,334
运行,_,和,1255,334
控制机构,管理,联合通信网,1256,1257
控制机构,运行,联合通信网,1256,1257
演习,_,与,1185,335
作战,_,与,868,335
作战,_,与,868,336
演习,_,与,1185,336
需求,_,与,579,337
缺口,_,与,1258,337
与联合电磁频谱作战分队,确定,与,1246,337
配置,_,或,1241,338
采办,_,或,1242,338
联合电磁频谱作战分队队长,是,指挥官在电磁频谱相关问题,1193,1259
联合部队指挥官,达成,目标,1094,761
评估,_,和,978,339
标识,_,和,1260,339
能,_,及其,790,340
系统,_,及其,621,340
区域,_,及其,727,340
状态,_,和,1261,341
能力,_,和,747,341
数量,_,和,682,341
资源,_,和,872,341
类型,_,和,1262,341
类型,_,和,1262,342
状态,_,和,1261,342
数量,_,和,682,342
类型,_,和,1262,343
数量,_,和,682,343
状态,_,和,1261,343
实现联合部队指挥官目标,需,资源,1263,872
联合,_,和,799,344
活动,_,和,750,344
作战,_,和,868,344
联合,_,和,799,345
作战,_,和,868,345
活动,_,和,750,345
程序,_,和,944,346
区域,_,和,727,346
指南,_,和,809,346
政策,_,和,663,346
措施,_,和,997,346
联合部队指挥官指南,为,电磁频谱优先级,1264,1265
威胁,_,和,841,347
活动,_,和,750,347
冲突,_,和,813,347
分配,_,及其,990,348
作战,_,及其,868,348
命令,_,和,1266,349
指示,_,和,1267,349
指示,_,与,1267,350
命令,_,与,1266,350
常设的联合电磁频谱作战分队以外的专业技能,解决,问题,1268,1269
未来,_,和,1270,351
当前,_,和,1271,351
规划,_,和,808,352
协调,_,和,800,352
实施,_,和,840,352
评估,_,和,978,352
情报需求,支持,联合电磁频谱作战,1272,587
与联合参谋部情报处(J_2),提出,电磁频谱使用优先级建议,1273,1274
分析,_,和,991,353
建模,_,和,1275,353
仿真,_,和,1276,353
建模,_,和,1275,354
分析,_,和,991,354
仿真,_,和,1276,354
己方,_,以及,638,355
中立方,_,以及,639,355
威胁方,_,以及,710,355
己方,_,以及,638,356
中立方,_,以及,639,356
威胁方,_,以及,710,356
联合,_,和,799,357
国,_,和,585,357
规划,_,和,808,358
实施,_,和,840,358
3320.02《联合频谱干扰解决方案》,执行,联合频谱干扰解决方案职能,1277,1278
指导,_,和,979,359
程序,_,和,944,359
流程,_,和,937,360
标准,_,和,1279,360
流程,_,和,937,361
标准,_,和,1279,361
与联合参谋部规划处(J_5),执行,所在国协调职能,1280,1281
小组,_,和,1282,362
大使馆,_,和,1283,362
所在国,_,和,1008,362
办公室,_,和,1284,362
所在国协调,涉及,和,1009,362
系统,_,/,621,363
能力,_,/,747,363
指导,_,和,979,364
程序,_,和,944,364
J_6,_,和,1285,365
J_3,_,和,1286,365
J_2,_,和,1287,365
状态,_,和,1261,366
可用性,_,和,1288,366
系统,_,和,621,366
能力,_,和,747,366
电磁频谱作战计划,组成,部队,1289,559
烟,_,与,1290,367
支持,_,与,588,367
差距,_,与,1291,367
清单,_,与,1194,367
呼号,_,与,1292,367
用频,_,与,1186,367
请求,_,与,1293,367
说明,_,与,996,367
火,_,与,1294,367
需求,_,与,579,367
能力,_,与,747,367
计划,确定,与,1295,367
电磁频谱使用需求,组成,部队,1296,559
组成部队,报告,电磁频谱的实际使用情况,1297,1298
输入,包括,只收不发的系统,1232,1299
攻击,_,和,598,368
排序,_,和,812,368
感知,_,和,669,368
通信,_,和,668,368
整合,_,和,811,368
输入,确保,和,1232,368
排序,_,和,812,369
整合,_,和,811,369
规则,_,和,1300,370
流程,_,和,937,370
用户,确保,和,1201,370
流程,_,和,937,371
规则,_,和,1300,371
流程,_,和,937,372
规则,_,和,1300,372
程序,授权,参数,944,723
用频设备,得到,正确维护,1301,1302
电磁频谱,造成,影响,564,627
指挥官,_,或,714,373
指挥官,_,或,714,374
联合电磁频谱作战分队,为,主要参谋机构,845,1303
指挥官,_,或,714,375
评估,_,和,978,376
协调,_,和,800,376
实施,_,和,840,376
规划,_,和,808,376
联合电磁频谱作战分队,负责,和,845,376
联合电磁频谱作战分队,协调,联合电磁频谱作战,845,587
指挥官,_,或,714,377
联合电磁频谱作战分队,获取,电磁频谱优势,845,596
指挥官,_,或,714,378
联合电磁频谱作战分队,保持,电磁频谱优势,845,596
指挥官,_,或,714,379
指挥官,_,或,714,380
或,结合,联合电磁频谱作战分队原有的组织职责,380,1304
指挥官,_,或,714,381
或,让,联合部队指挥官,381,1094
联合部队指挥官,实施,统一指挥,1094,1305
联合部队的统一行动,源自,联合部队职能要素(例如，信号情报、电磁频谱管理、电磁战、赛博空间,1306,1307
电磁频谱活动,组成,部队,1308,559
联合电磁频谱作战分队,加快,电磁频谱作战所需的信息流动,845,1309
电磁频谱作战,需,信息流动,660,1310
联合电磁频谱作战分队,加强,联合部队现有的指挥控制系统,845,1311
联合电磁频谱作战分队,帮助,联合部队指挥官,845,1094
联合部队指挥官,确定,电磁频谱作战优先级,1094,1312
联合部队指挥官,传达,作战意图,1094,1313
联合部队指挥官,整合,支援指挥官的能力,1094,1314
组织,_,和,1315,382
军种,_,和,1163,382
职能,_,和,1160,382
小组,_,和,1282,382
和,保持,例行联系,382,1316
这些关系,得到,完善,1317,1318
实施,_,和,840,383
评估,_,和,978,383
规划,_,和,808,383
协作网络,贯穿,和,1319,383
其,执行,指定的任务,729,1320
由联合电磁频谱作战分队,进行,联合作战区域中的联合电磁频谱作战,1321,1322
联合特遣部队的组织结构,承袭,作战司令部的组织结构,1323,1324
设施,_,和,786,384
资源,_,和,872,384
联合部队指挥官,利用,和,1094,384
联合部队指挥官,支持,实施,1094,840
有关电磁频谱作战外围支持组织更多的信息,参阅,附录D“支持联合电磁频谱作战的组织”,1325,1326
组织,支持,联合电磁频谱作战,1315,587
组织,联合,电磁频谱作战,1315,660
联合电磁频谱作战分队,是,联合部队中负责联合电磁频谱作战的常设组织,845,1327
组织,负责,联合电磁频谱作战,1315,587
管理,_,和,597,385
感知,_,和,669,385
通信,_,和,668,385
攻击,_,和,598,385
支援,_,和,794,385
建模,_,和,1275,385
分配,_,和,990,385
其核心成员,组成,和,1328,385
联合电磁频谱作战分队成员,是,长期委派,1329,1330
联合电磁频谱作战分队成员,具有,专业知识,1329,1331
联合电磁频谱作战分队成员,为,各自组织的发言人,1329,1332
联合电磁频谱作战分队,进行,协调,845,800
组成,_,和,1333,386
指挥,_,和,783,386
指挥,_,和,783,387
组成,_,和,1333,387
联合电磁频谱作战分队,挂靠,在联合参谋部通信系统处(J_6),845,1334
联合电磁频谱作战分队,挂靠,在联合参谋部作战处(J_3),845,1335
运作,_,和,1336,388
接入,_,和,677,388
办公室,_,和,1284,388
获得,_,和,1172,388
J_6,_,和,1285,388
J_2,_,和,1287,388
J_3,_,和,1286,388
作战指挥官甲,选择,和,1337,388
J_6,_,和,1285,389
J_2,_,和,1287,389
办公室,_,和,1284,389
联合电磁频谱作战分队,接入,和,845,389
联合电磁频谱作战分队,获得,支持,845,588
作战指挥官乙,抽调,合适的人员,1338,1339
图2_1,给,联合电磁频谱作战分队组织结构的概念示意,1340,1341
规划,_,和,808,390
协调,_,和,800,390
指导,_,和,979,390
作战司令部联合电磁频谱作战分队,负责,和,1342,390
实施,_,和,840,391
规划,_,和,808,391
下级联合电磁频谱作战分队,负责,和,1343,391
实施,_,和,840,392
规划,_,和,808,392
技能,_,及,1190,393
成员,_,及,1228,393
联合电磁频谱作战分队,保持,及,845,393
任务,_,和,625,394
工作,_,和,1344,394
联合电磁频谱作战分队,履行,和,845,394
任务,_,和,625,395
工作,_,和,1344,395
联合电磁频谱作战分队,承担,联合频率管理办公室的所有职责(如果联合频率管理办公室完全并入联合电磁频谱作战分队),845,1345
分队,_,和,1346,396
联合电磁频谱作战分队,承担,和,845,396
分队,_,和,1346,397
和,承担,职责,397,556
联合电磁频谱作战分队的每项职能,进行,协调,1347,800
联合电磁频谱作战分队队长,是,指挥官在电磁频谱相关问题上的主要顾问,1193,1348
联合电磁频谱作战分队队长,提供,对联合电磁频谱作战的统一指挥,1193,1349
任务,需要,一位联合电磁频谱作战分队副队长,625,1350
人员,有,互补性核心专业知识,784,1351
流程,_,和,937,398
管理,_,和,597,398
分析,_,和,991,398
参谋部,_,和,1352,399
机构,_,和,652,399
部队,_,和,559,399
和,进行,同步,399,814
部队,进行,影响/利用/行动,559,1353
该部门,包含,联络官(包括多国人员),1354,1355
支援,_,和,794,400
作战,_,和,868,400
该部门,协调,和,1354,400
作战数据,相关,电磁频谱,1356,564
规划,_,和,808,401
周期,_,和,1357,401
电磁频谱管理员,位于,联合频率管理办公室,1358,1359
联合接口,控制,军官,1360,1361
军事,欺骗,计划员,679,1362
作战,_,及,868,402
联合,_,及,799,402
情报机构,相关,及,1363,402
图2_3,给,电磁频谱作战小组组织结构的概念示意,1364,1365
联合电磁频谱作战分队,具备,适当的保密性,845,1366
联合电磁频谱作战分队人员,获得,适当的许可,1367,1368
联合电磁频谱作战分队人员,支持,其各自的职责(例如军事欺骗、军事信息支援行动),1367,1369
联合电磁频谱作战分队的最佳人员配置,包括,特种技术作战人员,1370,1371
行政,_,和,1372,403
后勤,_,和,1373,403
支持,_,和,588,403
网络,_,和,1374,403
情报,_,和,806,403
通信,_,和,668,403
系统,_,和,621,403
法律,_,和,674,403
联合电磁频谱作战分队,获得,和,845,403
每个军种,有,不同的方式,1375,1376
每个军种,组织,其部队,1375,1377
规划,_,和,808,404
协调,_,和,800,404
以下信息,概述,和,1378,404
规划,_,和,808,405
协调,_,和,800,405
每个军种的电磁频谱作战,促进,和,1379,405
指挥官,_,及其,714,406
人员,_,及其,784,406
人员,_,及其,784,407
指挥官,_,及其,714,407
指挥官,_,及其,714,408
人员,_,及其,784,408
指挥官,_,及其,714,409
人员,_,及其,784,409
空间,_,和,610,410
频谱,_,和,734,410
这,是,和,672,410
空间,_,和,610,411
电磁战,_,和,791,411
空间,_,和,610,412
电磁战,_,和,791,412
和,使,陆军,412,1380
人员,_,和,784,413
设备,_,和,704,413
设施,_,和,786,413
网络,_,和,1374,413
陆军,保护,和,1380,413
频谱管理行动,确保,陆军接入电磁频谱并消除冲突,1381,1382
陆军,接,电磁频谱,1380,564
陆军,消除,冲突,1380,813
频谱管理行动,提供,支持,1381,588
整合,_,和,811,414
规划,_,和,808,414
同步,_,和,814,414
副指挥官,负责,信息,1383,1000
海军陆战队总部负责信息的副指挥官,是,海军陆战队电磁频谱作战的倡导者,1384,1385
发展,_,与,1386,415
整合,_,与,811,415
合作方,_,和,1248,416
部队,_,和,559,416
机构,_,和,652,416
与,负责,和,415,416
整合,_,与,811,417
发展,_,与,1386,417
电子战,_,和,1387,418
作战,_,和,868,418
与,确定,和,417,418
发展,_,与,1386,419
整合,_,与,811,419
排序,_,和,812,420
整合,_,和,811,420
与,进行,和,419,420
部门,_,和,1388,421
政策,_,和,663,421
计划,_,和,1295,421
作战,_,和,868,421
指挥官,_,和,714,421
海军陆战队总部的主要利益相关方,包括,和,1389,421
作战,_,和,868,422
计划,_,和,1295,422
政策,_,和,663,422
指挥官,_,和,714,423
部门,_,和,1388,423
和,负责,和,423,422
电磁频谱作战,提供,便利,660,1390
电磁频谱作战,拒止,敌方对电磁频谱的接入,660,1391
这,有助于,海军陆战队空地特遣部队控制作战进程，以支持指挥官的目标,672,1392
海军陆战队空地特遣部队,控制,作战进程,1393,1394
海军陆战队空地特遣部队,支持,指挥官的目标,1393,982
协同的海军陆战队空地特遣部队电磁频谱作战,瞄准,敌方,1395,637
中立方,_,和,639,424
己方,_,和,638,424
协同的海军陆战队空地特遣部队电磁频谱作战,减少,和,1395,424
海军陆战队的电磁频谱作战方法,反映,五要素的设计,1396,1397
海军陆战队,处理,电磁频谱作战,1398,660
海军陆战队,保持,电磁频谱优势,1398,596
这一设计,提供,认知基础,1399,1400
海军陆战队空地特遣部队,获得,电磁频谱优势,1393,596
海军陆战队空地特遣部队,保持,电磁频谱优势,1393,596
小组,_,和,1282,425
评估,_,和,978,426
规划,_,和,808,426
实施,_,和,840,426
和,进行,和,425,426
小组,_,和,1282,427
和,加快,作战进度,427,1401
小组,_,和,1282,428
和,取得,军事优势,428,1402
电磁频谱作战小组的架构,源自,传统的电磁战协调小组,1403,1404
外部,_,和,1405,429
规划,_,和,808,429
协调,_,和,800,429
请求,_,和,1293,429
内,_,和,1406,429
外部,_,和,1405,430
内,_,和,1406,430
内,_,和,1406,431
外部,_,和,1405,431
外部,_,和,1405,432
内,_,和,1406,432
和,进行,赛博空战作战,432,1407
电磁频谱作战小组,是,施加潜在影响的主要手段,1408,1409
指挥官,规划,作战行动,714,771
指挥官,协调,作战行动,714,771
指挥官,实施,作战行动,714,771
指挥官,消除,冲突,714,813
电磁频谱作战小组,是,对电磁作战环境施加潜在影响的主要手段,1408,1410
电磁频谱作战小组,使用,电磁频谱协调文件,1408,1411
支持,_,和,588,433
电磁频谱作战小组,定义,和,1408,433
电磁频谱作战小组,确定,具体的控制措施,1408,1412
电磁频谱作战小组,同步,电磁频谱中和通过电磁频谱发生的行动,1408,1413
系统,_,与,621,434
指挥,_,与,783,434
通信,_,与,668,434
控制,_,与,785,434
计算机,_,与,1414,434
制定,_,和,1167,435
监督,_,和,1415,435
作战,_,和,868,435
需求,_,和,579,435
使用,_,和,787,435
与,负责,和,434,435
需求,_,和,579,436
使用,_,和,787,436
作战,_,和,868,436
计算机,_,与,1414,437
控制,_,与,785,437
通信,_,与,668,437
指挥,_,与,783,437
与,制定,海军陆战队政策,437,1416
计算机,_,与,1414,438
控制,_,与,785,438
指挥,_,与,783,438
通信,_,与,668,438
监督,_,和,1415,439
指导,_,和,979,439
程序,_,和,944,439
与,提供,和,438,439
海军陆战队,派出,海军陆战队代表(在政策层面),1398,1417
行政,_,和,1372,440
技术,_,和,665,440
作战,_,和,868,440
海军陆战队,支持,海军陆战队的电磁频谱作战需求,1398,1418
海军,_,和,1419,441
陆战队,_,和,1420,441
和,是,海军主要的地区办公室,441,1421
非战术,_,和,1422,442
非通信,_,和,1423,442
战术,_,和,582,442
通信,_,和,668,442
客户,_,和,1424,443
部队,_,和,559,443
设施,_,和,786,443
和,需要,和,443,442
非战术,_,和,1422,444
战术,_,和,582,444
非通信,_,和,1423,444
通信,_,和,668,444
海军,_,和,1419,445
陆战队,_,和,1420,445
帮助,_,和,1425,446
支援,_,和,794,446
和,提供,和,445,446
电磁频谱支持,遵循,作战司令部的指导,1426,1427
海军陆战队,评估,电磁频谱作战的多种参谋组织选项,1398,1428
电磁战管理活动,协调,冲突,1429,813
电磁战管理活动,消除,冲突,1429,813
美国海军陆战队空地特遣部队频谱管理的主要机制,是,军种级频率限制清单,1430,1431
频率,_,和,606,447
频率,_,和,606,448
电磁机动战,是,海军在电磁频谱中获得决定性军事优势的作战手段,1432,1433
海军,获得,决定性军事优势,1419,1434
电磁机动战,是,支持联合电磁频谱作战的基本概念,1432,1435
活动,相关,与电磁频谱,750,1436
评估,_,和,978,449
环境,_,和,562,449
监控,_,和,980,449
感知,_,和,669,449
活动,_,和,750,449
和,提供,战略优势,449,1437
监控,_,和,980,450
评估,_,和,978,450
环境,_,和,562,450
感知,_,和,669,450
活动,_,和,750,450
和,使,海军,450,1419
海军,具有,行动自由,1419,1148
指挥官,_,或,714,451
海上作战中心,是,或,1438,451
指挥官,_,或,714,452
组织机制,支持,或,1439,452
指导,_,和,979,453
执行,_,和,851,453
海上作战中心,是,和,1438,453
指导,_,和,979,454
执行,_,和,851,454
桥梁,连接,和,1440,454
工作组,_,和,1441,455
小组,_,和,1282,455
工作组,_,和,1441,456
小组,_,和,1282,456
和,进行,指导,456,979
小组,_,和,1282,457
工作组,_,和,1441,457
工作组,_,和,1441,458
小组,_,和,1282,458
工作组,_,和,1441,459
小组,_,和,1282,459
行动,相关,与电磁战斗管理,563,1442
管理,_,和,597,460
控制,_,和,785,460
指挥,_,和,783,460
海上作战中心,执行,和,1438,460
指挥官,_,或,714,461
海上作战中心,使,或,1438,461
指挥官,_,或,714,462
指挥官,_,或,714,463
指挥官,_,或,714,464
指挥官,_,或,714,465
海上作战中心,提出,海上组成部队的需求,1438,1443
海上作战中心,协调,所有的海上变更/输入,1438,1444
电磁频谱战备,是,海军的一个关键事项,1445,1446
系统,_,/,621,466
平台,_,/,618,466
系统,_,/,621,467
平台,_,/,618,467
/,执行,其设计功能,467,1447
资产,_,和,873,468
资源,_,和,872,468
资产,_,和,873,469
资源,_,和,872,469
资源,_,和,872,470
资产,_,和,873,470
设在空中作战中心的非动能作战协调小组,实施,电磁频谱作战,1448,660
非动能作战协调小组,提供,电磁频谱能力整合,1449,1450
空军,进行,行动,1451,563
攻击,_,和,598,471
防护,_,和,599,471
管理,_,和,597,471
利用,_,和,600,471
部队,_,和,559,472
链,_,和,1452,472
非动能作战协调小组,负责,和,1449,472
空中组成部队指挥官,传达,实现电磁频谱优势的计划,1453,1454
空中组成部队指挥官,实现,电磁频谱优势,1453,596
非动能作战协调小组,领导,空军电磁战斗管理系统的工作,1449,1455
非动能作战协调小组,进行,优先级排序,1449,1456
非动能作战协调小组,发布,频率授权,1449,1457
非动能作战协调小组,提供,指导,1449,979
非动能作战协调小组,进行,联系,1449,1458
协调,_,和,800,473
规划,_,和,808,473
人员,参与,和,784,473
协调,_,以及,800,474
规划,_,以及,808,474
监测,_,和,1459,475
提供,_,和,855,475
评估,_,和,978,475
海岸警卫队的联合电磁频谱作战行动,包括,和,1460,475
海岸警卫队,实施,联合电磁频谱作战,1461,587
海岸警卫队,实施,联合电磁频谱作战,1461,587
海岸警卫队,进行,协调,1461,800
认证,_,和,1462,476
政策,_,和,663,476
海岸警卫队通信政策部(CG_672),是,和,1463,476
事宜,_,和,1464,477
政策,_,和,663,477
办公室,负责,和,1284,477
信息官,_,和,1465,478
指挥官,_,和,714,478
系统,_,和,621,478
技术,_,和,665,478
控制,_,和,785,478
指挥,_,和,783,478
通信,_,和,668,478
通信政策部,隶属,和,1466,478
技术,_,和,665,479
通信,_,和,668,479
系统,_,和,621,479
控制,_,和,785,479
指挥,_,和,783,479
助理指挥官,负责,和,1467,479
分部,_,和,1468,480
系统,_,和,621,480
指挥,_,和,783,480
部门,_,和,1388,480
控制,_,和,785,480
通信,_,和,668,480
和,管理,射频频谱,480,1469
控制,_,和,785,481
指挥,_,和,783,481
部门,_,和,1388,481
分部,_,和,1468,481
通信,_,和,668,481
系统,_,和,621,481
和,代表,海岸警卫队,481,1461
军事,_,和,679,482
民事,_,和,686,482
监管,_,和,1470,482
和,协调,频谱管理,482,1471
分部,_,/,1468,483
部门,_,/,1388,483
部门,_,/,1388,484
分部,_,/,1468,484
/,指导,海岸警卫队范围内的频谱管理活动,484,1472
系统,_,和,621,485
控制,_,和,785,485
分部,_,和,1468,485
指挥,_,和,783,485
中心,_,和,1473,485
通信,_,和,668,485
部门,_,和,1388,485
和,支持,美国海岸警卫队的任务,485,1474
系统,_,和,621,486
通信,_,和,668,486
中心,_,和,1473,486
部门,_,和,1388,486
分部,_,和,1468,486
控制,_,和,785,486
指挥,_,和,783,486
办公室,_,和,1284,487
指挥官,_,和,714,487
管理,_,和,597,487
顾问,_,和,1475,487
控制,_,和,785,487
系统,_,和,621,487
通信,_,和,668,487
政策部,_,和,1476,487
技术,_,和,665,487
指挥,_,和,783,487
监管,_,和,1470,487
信息官,_,和,1465,487
和,担任,和,486,487
系统,_,和,621,488
通信,_,和,668,488
控制,_,和,785,488
技术,_,和,665,488
指挥,_,和,783,488
助理指挥官,负责,和,1467,488
海岸警卫队区域指挥部,配置,主要频谱管理员,1477,1478
主要频谱管理员,担任,主要的野战办事处代表,1478,1479
情况,_,和,1480,489
设施,_,和,786,489
分队,_,和,1346,489
海岸警卫队用户,包括,和,1481,489
主要频谱管理员,提供,频谱管理支援,1478,1482
警卫队,_,和,1483,490
力量,_,和,623,490
国民警卫队,提供,和,1484,490
警卫队,_,和,1483,491
和,提供,协助,491,1485
国民警卫队的部队,执行,海外现役任务,1486,1487
国民警卫队,建立,可互操作的通信,1484,1488
国民警卫队,处于,《美国法典》第10卷状态,1484,1489
处于《美国法典》第10卷状态的国民警卫队,列为,联合电磁频谱作战,1490,587
状态,_,或,1261,492
国民警卫队,接受,州长的指挥控制,1484,1491
应急部队,处于,《美国法典》第10卷状态,1492,1489
联合部队指挥官,进行,协调,1094,800
联邦,_,和,1493,493
州,_,和,1494,493
联合部队指挥官,实现,和,1094,493
控制,_,和,785,494
计算机,_,和,1414,494
指挥,_,和,783,494
通信,_,和,668,494
和,是,国民警卫局内的指定办公室,494,1495
计算机,_,和,1414,495
控制,_,和,785,495
通信,_,和,668,495
指挥,_,和,783,495
实施,_,和,840,496
规划,_,和,808,496
和,负责,和,495,496
指挥,_,和,783,497
控制,_,和,785,497
通信,_,和,668,497
计算机,_,和,1414,497
和,提供,支持,497,588
指挥,_,和,783,498
控制,_,和,785,498
计算机,_,和,1414,498
通信,_,和,668,498
和,进行,沟通,498,1496
状态,_,和,1261,499
控制,_,和,785,500
计算机,_,和,1414,500
通信,_,和,668,500
指挥,_,和,783,500
和,提供,频谱支持,500,1497
计算机,_,和,1414,501
通信,_,和,668,501
控制,_,和,785,501
指挥,_,和,783,501
和,促进,这种协调,501,1498
计算机,_,和,1414,502
控制,_,和,785,502
指挥,_,和,783,502
通信,_,和,668,502
控制,_,和,785,503
指挥,_,和,783,503
计算机部,_,和,1499,503
通信,_,和,668,503
和,合作,和,502,503
控制,_,和,785,504
计算机,_,和,1414,504
指挥,_,和,783,504
通信,_,和,668,504
和,提供,支持,504,588
通信,_,和,668,505
计算机,_,和,1414,505
指挥,_,和,783,505
控制,_,和,785,505
办公室,_,和,1284,506
司令部,_,和,555,506
和,协调,和,505,506
通信,_,和,668,507
计算机,_,和,1414,507
控制,_,和,785,507
指挥,_,和,783,507
和,提供,《国民警卫队互操作性现场行动指南》,507,1500
州际,_,和,1501,508
区域,_,和,727,508
《国民警卫队互操作性现场行动指南》,提供,指导,1500,979
指挥,_,和,783,509
控制,_,和,785,509
通信,_,和,668,509
计算机,_,和,1414,509
指挥,_,所,783,510
计算机部,_,所,1499,510
通信,_,所,668,510
控制,_,所,785,510
和,加入,所,509,510
上级当局,规定,范围,1502,731
程序,_,和,944,511
政策,_,和,663,511
联合频谱管理分队,制定,和,1503,511
程序,_,和,944,512
政策,_,和,663,512
联合频谱管理分队,实施,和,1503,512
联合频谱管理分队,发布,联合通信_电子操作说明,1503,1504
联合频谱管理分队,提供,更明确的指导,1503,1505
法律,_,和,674,513
程序,_,和,944,513
法规,_,和,675,513
国民警卫队联合部队州总部频谱管理人员,确保,和,1506,513
其,分配,频谱资源,729,1507
法律,_,和,674,514
程序,_,和,944,514
法规,_,和,675,514
其分配的频谱资源,符合,和,1508,514
状态,_,或,1261,515
国民警卫队联合部队州总部频谱管理人员,确保,或,1506,515
状态,_,或,1261,516
人员,_,和,784,517
指挥官,_,和,714,517
中心,_,或,1473,518
军事,_,或,679,518
促进,_,或,1509,518
环境,_,或,562,518
进行,_,或,592,518
行动,_,或,563,518
人员,_,或,784,518
和,意识,或,517,518
环境,_,和,562,519
行动,_,和,563,519
电磁作战环境,无,干扰,634,891
安全局,_,和,1510,520
情报局,_,和,1511,520
机构,_,和,652,520
组织,_,和,1315,520
编录,_,和,1512,521
识别,_,和,760,521
更新,_,和,1223,521
和,寻求,和,520,521
组织,_,和,1315,522
机构,_,和,652,522
情报局,_,和,1511,522
安全局,_,和,1510,522
安全局,_,/,1510,523
安全署,_,/,1513,523
/,围绕,作战,523,868
安全局,_,/,1510,524
安全署,_,/,1513,524
分析,_,和,991,525
交换,_,和,1514,525
/,进行,和,524,525
这些数据库,提供,信号情报支持,1515,1516
航空,_,和,1517,526
航天,_,和,1518,526
中心,_,和,1473,526
参数,_,和,723,527
性能,_,和,1087,527
和,定义,和,526,527
中心,_,和,1473,528
航天,_,和,1518,528
航空,_,和,1517,528
理论,_,和,1519,529
战术,_,和,582,529
和,分析,和,528,529
航天,_,和,1518,530
航空,_,和,1517,530
中心,_,和,1473,530
理论,_,和,1519,531
战术,_,和,582,531
和,提供,和,530,531
国家级的收集工作,提供,关于敌方电磁基础设施的大部分情报,1520,1521
国防情报局国防情报收集协调中心,是,调度国家资产收集情报的协调中心,1522,1523
中心,调度,国家资产,1473,1524
国防情报局国防情报收集协调中心,响应,联合电磁频谱作战的情报需求,1522,1525
联合情报作战中心,做出,响应,1526,1527
需求,需要,国家级资产处理,579,1528
联合情报作战中心,转交,需要国家级资产处理的需求,1526,1529
作战指挥官,确定,程序,844,944
有关战区级情报支持更多的信息,参阅,JP2_0《联合情,1530,1531
联合参谋部情报处,是,向联合电磁频谱作战提供情报支持的主要联络点,1230,1532
联络点,提供,情报支持,1533,1534
联合部队指挥官,决定,建立一支联合特遣部队联合情报支持分队，以扩充下属联合部队联合参谋部的情报处,1094,1535
收集,_,和,1536,532
发布,_,和,989,532
生成,_,和,1537,532
联合情报支持分队,管理,和,1538,532
名,_,或,1539,533
联合参谋部情报处,指派,或,1230,533
名,_,或,1539,534
或,到,联合电磁频谱作战分队,534,845
名,_,或,1539,535
或,进行,联络,535,1540
作战,_,和,868,536
收集,_,和,1536,536
分隔,_,和,1541,536
支持,_,和,588,536
分析,_,和,991,536
这种联络的目的,是,和,1542,536
计划人员,联合,电磁频谱作战,1543,660
联合电磁频谱作战的计划人员,发现,有必要与参谋部情报部门的各种人员合作,1544,1545
多国部队指挥官,指导,多国部队,1546,1547
多国部队,规划,联合电磁频谱作战,1547,587
多国部队,实施,联合电磁频谱作战,1547,587
电磁战协调小组,承担,联合电磁频谱作战分队的部分职责,1548,1549
北约/多国术语,沿用,电磁战协调小组,1550,1548
多国部队指挥官,分配,联合电磁频谱作战资源的管理职责,1546,1551
规划,_,和,808,537
整合,_,和,811,537
多国参谋的作战负责人,承担,和,1552,537
联合电磁频谱作战参谋的主要职责,是,确保多国部队指挥官得到美国联合部队指挥官所期望的联合电磁频谱作战支援,1553,1554
支援,_,所,794,538
作战,_,所,868,538
多国部队指挥官,得到,所,1546,538
美国联合部队指挥官,期望,作战支援,1555,1556
多国部队所有组成部队的指挥官,提供,合格的参谋人员(例如电磁战军官、电磁频谱管理人员、情报人员、战斗损伤评估电子战辅助人员),1557,1558
扩编参谋人员的理由,是,伙伴国的官员通常是多国联合电磁频谱作战计划分队的正式成员，并对指挥链负责,1559,1560
伙伴国的官员,是,多国联合电磁频谱作战计划分队的正式成员,1561,1562
伙伴国的官员,负责,对指挥链,1561,1563
直接编入电磁战协调小组,实施,统一指挥,1564,1305
程序,_,和,944,539
计划,_,和,1295,539
计划,_,和,1295,540
程序,_,和,944,540
和,得到,正确解释,540,1565
职责,对等,与美国军官,556,1566
材料,_,和,1567,541
兼容性,_,和,1058,541
装备,_,和,703,541
设备,_,和,704,541
部门,_,和,1388,542
小组,_,和,1282,542
部门,_,和,1388,543
小组,_,和,1282,543
和,保持,经常联络,543,1568
适当,_,和,1569,544
有效,_,和,1570,544
计划中的电磁战瞄准任务,产生,影响,1571,627
指挥,_,和,783,545
控制,_,和,785,545
跟踪,_,和,1572,546
补救,_,和,1573,546
指南,_,和,809,547
原则,_,和,1574,547
支持,_,和,588,548
进行,_,和,592,548
协调,_,和,800,548
支持,_,和,588,549
协调,_,和,800,549
重,_,和,1575,549
伙伴国,联合,电磁频谱作战军官,1576,1577
伙伴国指挥官,派驻,合格的联合电磁频谱作战人员(例如电磁战军官、电磁频谱管理人员、情报参谋),1578,1579
控制,_,和,785,550
结构,_,和,1580,550
设施,_,和,786,550
组织,_,和,1315,550
情报,_,和,806,550
能力,_,和,747,550
指挥,_,和,783,550
需求,_,和,579,550
信息,适合,他们接收,1000,1581
他们,接收,信息,1582,1000
O_4,_,或,1583,551
级别,_,或,1584,551
O_3,_,或,1585,551
这些要求,意味着,或,1586,551
O_3,_,或,1585,552
O_4,_,或,1583,552
有关官员,达到,或,1587,552
他们,是,从国家级部门中抽调的扩编人员,1582,1588
他们,来自,多国部队,1582,1547
