本出版物,阐述,对抗全过程中在电磁频谱以及通过电磁频谱展开的军事行动,_,_
司令部,_,和,_,0
职责,_,和,_,0
总部,_,和,_,0
关系,_,和,_,0
部队,_,和,_,0
本出版物,描述,和,_,0
关系,_,和,_,1
职责,_,和,_,1
它,构建,实施联合电磁频谱作战的框架,_,_
环境,_,所,_,2
行动,_,所,_,2
电磁频谱,是,所,_,2
环境,_,和,_,3
行动,_,和,_,3
各个方面,影响,和,_,3
夺取电磁频谱优势的战斗,持续,一个多世纪,_,_
民用,_,以及,_,4
军用,_,以及,_,4
依赖,_,以及,_,4
商用,_,以及,_,4
电磁频谱技术的发展,导致,以及,_,4
商用,_,和,_,5
民用,_,和,_,5
军用,_,和,_,5
和,依赖,于电磁频谱,5,_
民用,_,以及,_,6
军用,_,以及,_,6
商用,_,以及,_,6
以及,呈,指数级增长,6,_
成本,_,以及,_,7
依赖,_,以及,_,7
以及,构成,巨大的军事挑战,7,_
训练,_,和,_,8
行动,_,和,_,8
约束,_,和,_,9
需求,_,和,_,9
和,是,和,8,9
环境,具有,挑战性,_,_
战略,_,和,_,10
战术,_,和,_,10
战役,_,和,_,10
军事力量,取得,和,_,10
国,_,和,_,11
美国,_,和,_,11
军事力量,整合,联合电磁频谱作战,_,_
联合电磁频谱作战,提供,支持,_,_
联合电磁频谱作战,取得,预期目标,_,_
联合电磁频谱作战,达成,最终状态,_,_
消除,_,以及,_,12
进行,_,以及,_,12
实施联合电磁频谱作战,是,以及,_,12
消除,_,以及,_,13
进行,_,以及,_,13
危机,升级,武装冲突,_,_
危机,为,武装冲突,_,_
联合电磁频谱作战,夺取,电磁频谱优势,_,_
管理,_,和,_,14
攻击,_,和,_,14
防护,_,和,_,14
利用,_,和,_,14
联合电磁频谱作战,是,和,_,14
联合部队,采取,军事行动,_,_
接收,_,和,_,15
发射,_,和,_,15
电磁辐射,_,和,_,16
频率,_,和,_,16
磁场,_,和,_,16
电场,_,和,_,16
波长,_,和,_,16
电磁频谱,是,和,_,16
磁场,_,和,_,17
频率,_,和,_,17
电场,_,和,_,17
波长,_,和,_,17
电磁辐射,_,和,_,17
空间,组成,和,_,17
可见光,_,和,_,18
微波,_,和,_,18
辐射,_,和,_,18
X射线,_,和,_,18
无线电波,_,和,_,18
示,_,和,_,18
伽马射线,_,和,_,18
电磁频谱,包括,和,_,18
辐射,_,或,_,19
平台,_,或,_,19
传导,_,或,_,19
功率,_,或,_,19
系统,_,或,_,19
时间,_,或,_,19
力量,_,或,_,19
电磁环境,是,或,_,19
系统,_,或,_,20
平台,_,或,_,20
力量,_,或,_,20
或,完成,任务,20,_
力量,_,或,_,21
系统,_,或,_,21
平台,_,或,_,21
力量,_,或,_,22
系统,_,或,_,22
平台,_,或,_,22
联合部队遇到的所有电磁辐射,造成,影响,_,_
环境,_,和,_,23
潜在,_,和,_,23
影响,_,和,_,23
电磁辐射,_,和,_,23
决策,_,和,_,23
条件,_,和,_,23
因素,_,和,_,23
应用,_,和,_,23
实际,_,和,_,23
电磁作战环境,是,和,_,23
决策,_,和,_,24
应用,_,和,_,24
应用,_,和,_,25
决策,_,和,_,25
实际,_,和,_,25
电磁辐射,_,和,_,25
因素,_,和,_,25
条件,_,和,_,25
环境,_,和,_,25
影响,_,和,_,25
潜在,_,和,_,25
综合体,组成,和,_,25
辐射,_,以及,_,26
对手,_,以及,_,26
环境,_,以及,_,26
敌方,_,以及,_,26
己方,_,以及,_,26
系统,_,以及,_,26
中立方,_,以及,_,26
它,包括,以及,_,26
电磁区域,受,影响,_,_
敌方,_,和,_,27
对手,_,和,_,27
己方,_,和,_,27
中立方,_,和,_,27
和,进行,辐射,27,_
辐射,_,或,_,28
接收,_,或,_,28
系统,_,或,_,28
它们,影响,联合作战,_,_
电磁作战环境,具有,以下属性,_,_
电磁作战环境,是,物理环境的一部分,_,_
电磁辐射,是,一种物理现象,_,_
静电,_,和,_,29
发射机,_,和,_,29
电力线,_,和,_,29
地形,_,和,_,29
因素,_,和,_,29
海况,_,和,_,29
天气,_,和,_,29
条件,_,和,_,29
系统,_,以及,_,30
机构,_,以及,_,30
和,影响,以及,29,30
系统,_,和,_,31
机构,_,和,_,31
和,进行,电磁辐射,31,_
环境,包括,电磁作战环境在内,_,_
对手,_,和,_,32
敌方,_,和,_,32
军事力量,获得,和,_,32
敌方,_,和,_,33
对手,_,和,_,33
优势地位,优于,和,_,33
电磁频谱,渗透,作战环境各部分,_,_
军事力量,使用,电磁作战环境,_,_
军事力量,整合,其作战行动,_,_
军事力量,同步,其作战行动,_,_
军事力量,增强,其作战行动,_,_
现代军事行动,依赖,用频活动,_,_
通过电磁频谱作战形成的广泛效果,使,电磁频谱作战,_,_
电磁频谱作战,成为,强大的兵力倍增器,_,_
电磁频谱,包含,无限的频率,_,_
政策,_,以及,_,34
物理,_,以及,_,34
技术,_,以及,_,34
用于军事目的,受到,以及,_,34
电磁辐射,具有,独特的物理特征,_,_
通信,_,或,_,35
感知,_,或,_,35
短程,_,或,_,35
远程,_,或,_,35
这,决定,或,_,35
条约,_,和,_,36
法律,_,和,_,36
法规,_,和,_,36
电磁频谱的使用,遵守,和,_,36
接入,_,和,_,37
利用,_,和,_,37
技术,限制,和,_,37
技术能力的进步,拓展,电磁频谱的使用,_,_
军事,_,和,_,38
非军事,_,和,_,38
密度,_,和,_,39
数量,_,和,_,39
和,导致,和,38,39
数量,_,和,_,40
密度,_,和,_,40
联合部队,面临,电磁作战环境,_,_
联合部队面临的电磁作战环境,是,拥塞的,_,_
特性,_,和,_,41
技术,_,和,_,41
军事,_,和,_,42
民事,_,和,_,42
相邻,_,或,_,43
发射,_,或,_,43
相同,_,或,_,43
接收,_,或,_,43
和,寻求,或,42,43
媒体,_,和,_,44
互联网,_,和,_,44
提供商,_,和,_,44
手机,_,和,_,44
和,继续,拓展其电磁频谱带宽需求,44,_
互联网,_,和,_,45
媒体,_,和,_,45
手机,_,和,_,45
提供商,_,和,_,45
和,拓展,其电磁频谱带宽需求,45,_
手机,_,和,_,46
互联网,_,和,_,46
提供商,_,和,_,46
媒体,_,和,_,46
和,压缩,便于联合部队机动的开放的电磁区域,46,_
电磁区域,便于,联合部队机动,_,_
这种拥塞,导致,对接收机的电磁干扰(EMI),_,_
有意,_,或,_,47
无意,_,或,_,47
电磁干扰(EMI),是,或,_,47
无意,_,或,_,48
有意,_,或,_,48
或,造成,电磁扰动,48,_
装备,_,和,_,49
系统,_,和,_,49
设备,_,和,_,49
电磁干扰(EMI),限制,和,_,49
现代军事行动,依赖,电磁频谱,_,_
对手,_,和,_,50
敌方,_,和,_,50
和,是,拒止我们成功使用电磁频谱的能力,50,_
我们,使用,电磁频谱,_,_
武器,_,和,_,51
导弹,_,和,_,51
导弹,_,和,_,52
武器,_,和,_,52
接收机,_,和,_,53
发射机,_,和,_,53
和,削弱,和,52,53
武器,_,和,_,54
导弹,_,和,_,54
发射机,_,和,_,55
接收机,_,和,_,55
和,摧毁,和,54,55
威胁方,进行,发射,_,_
联合部队,面临,电磁作战环境,_,_
联合部队所面临的电磁作战环境,是,不断变化的,_,_
电磁频谱中的军事活动,使,指挥官,_,_
指挥官,做出,决策,_,_
指挥官,开展,行动,_,_
指挥官,产生,效果,_,_
指挥官,提供,决定性优势,_,_
适应性,_,和,_,56
灵活性,_,和,_,56
频谱行动的敏捷性,提供,和,_,56
电磁战斗序列,是,整个战斗序列的一个子集,_,_
身份,_,和,_,57
参数,_,和,_,57
架构,_,和,_,57
作用,_,和,_,57
部署,_,和,_,57
它,包括,和,_,57
部署,_,和,_,58
系统,_,和,_,58
应用,_,和,_,58
这,包括,和,_,58
接收机,_,和,_,59
发射机,_,和,_,59
电磁战斗序列,识别,和,_,59
区域,感,兴趣,_,_
系统,_,和,_,60
平台,_,和,_,60
其,建立,链接,_,_
范围,_,和,_,61
位置,_,和,_,61
电磁战斗序列,确定,和,_,61
信号,_,和,_,62
频谱,_,和,_,62
电磁战斗序列,表征,和,_,62
电磁战斗序列,确定,其在更大建制内战斗序列中的作用,_,_
发射机,_,和,_,63
接收机,_,和,_,63
联合电磁频谱作战,考虑,和,_,63
发射,_,和,_,64
攻击,_,和,_,64
感知,_,和,_,64
接收,_,和,_,64
通信,_,和,_,64
欺骗,_,和,_,64
电磁频谱中的军事行动,包括,和,_,64
电磁能,采用,信息编码,_,_
发射,_,和,_,65
接收,_,和,_,65
和,支持,各种活动,65,_
信令,_,和,_,66
利用,_,和,_,66
分发,_,和,_,66
导航,_,和,_,66
处理,_,和,_,66
链路,_,和,_,66
广播,_,和,_,66
能力,_,和,_,66
传输,_,和,_,66
授时,_,和,_,66
活动,_,和,_,66
授时,_,和,_,67
导航,_,和,_,67
信令,支持,和,_,67
传输,_,和,_,68
活动,_,和,_,68
广播,支持,和,_,68
搜集,_,和,_,69
感知,_,和,_,69
瞄准,_,和,_,69
定位,_,和,_,69
有源感知系统(如空对空雷达、地面雷达、激光目标指示器等),发射,电磁信号,_,_
有源感知系统(如空对空雷达、地面雷达、激光目标指示器等),测量,接收到的反射信号,_,_
有源感知系统(如空对空雷达、地面雷达、激光目标指示器等),提取,高保真信息,_,_
无源感知系统,截获,电磁信号,_,_
表征,_,和,_,70
识别,_,和,_,70
定位,_,和,_,70
瞄准,_,和,_,70
无源感知系统,支持,和,_,70
系统,瞄准,目标,_,_
毫米波,_,与,_,71
微波,_,与,_,71
干扰机,_,与,_,71
能力,_,与,_,71
致炫器,_,与,_,71
目标,受,高能电磁辐射攻击,_,_
定位,_,与,_,72
时间,_,与,_,72
在空域中的机动,需要,与,_,72
电磁频谱机动,考虑,电磁频谱工作参数(如频率、功率、调制等),_,_
电磁频谱机动,获得,对敌优势,_,_
电磁频谱优势,是,电磁频谱中的控制程度,_,_
敌方,实施,作战行动,_,_
电磁频谱优势,是,通过联合电磁频谱作战取得的,_,_
电磁频谱优势,是,在整个作战环境获取优势的关键使能因素,_,_
全世界范围内,存在,数以万计的用频系统,_,_
传感器,_,和,_,73
削弱,_,和,_,73
系统,_,和,_,73
欺骗,_,和,_,73
摧毁,_,和,_,73
扰乱,_,和,_,73
利用,_,和,_,73
探测,_,和,_,73
当前的电磁频谱威胁,包括,和,_,73
系统,_,和,_,74
传感器,_,和,_,74
定向能武器,实施,攻击,_,_
平台,_,和,_,75
指挥,_,和,_,75
人员,_,和,_,75
控制,_,和,_,75
设施,_,和,_,75
传感器,_,和,_,75
系统,威胁,电磁频谱,_,_
导航,_,和,_,76
利用,_,和,_,76
使用,_,和,_,76
支持,_,和,_,76
感知,_,和,_,76
敌方,寻求,和,_,76
导航,_,与,_,77
感知,_,与,_,77
敌方,使用,商用现货系统,_,_
敌方,提高,美国和多国规划人员确定目标的难度,_,_
美国,_,和,_,78
国,_,和,_,78
和,确定,目标,78,_
电磁能,_,和,_,79
攻击,_,和,_,79
能,_,和,_,79
使用,_,和,_,79
控制,_,和,_,79
电磁战,指,和,_,79
电磁能,_,和,_,80
定向能,_,和,_,80
军事行动,使用,和,_,80
军事行动,攻击,敌方,_,_
组成部分,_,和,_,81
攻击,_,和,_,81
支援,_,和,_,81
防护,_,和,_,81
电磁战,包括,和,_,81
电磁战,是,联合电磁频谱作战的一项关键职能,_,_
联合部队,取得,胜利,_,_
操作,_,和,_,82
管理,_,和,_,82
工程,_,和,_,82
联合,_,和,_,83
协调,_,和,_,83
方案,_,和,_,83
管理,_,和,_,83
功能,_,和,_,83
电磁频谱管理,包括,和,_,83
电磁频谱管理,是,联合电磁频谱作战的关键职能,_,_
联合部队,夺取,胜利,_,_
管理,_,和,_,84
利用,_,和,_,84
防护,_,和,_,84
攻击,_,和,_,84
太空,_,和,_,85
系统,_,和,_,85
管理,_,和,_,85
人员,_,和,_,85
空间,_,和,_,85
电磁战,_,和,_,85
情报,_,和,_,85
和,依靠,和,84,85
情报,_,和,_,86
电磁战,_,和,_,86
太空,_,和,_,86
空间,_,和,_,86
管理,_,和,_,86
系统,_,和,_,87
人员,_,和,_,87
和,来自,和,87,86
这些任务领域,进行,规划,_,_
指南,_,和,_,88
规程,_,和,_,88
整合,_,和,_,89
排序,_,和,_,89
冲突,_,和,_,89
同步,_,和,_,89
和,进行,和,88,89
规程,_,和,_,90
指南,_,和,_,90
和,增强,统一行动,90,_
这样做的结果,是,形成电磁作战环境机动的完全一体化的方案，以取得电磁频谱优势并达成联合部队指挥官目标,_,_
战役,_,或,_,91
战略,_,或,_,91
战术,_,或,_,91
利用,是,或,_,91
电磁频谱系统,涉及,能够感知电磁作战环境,_,_
感知,_,和,_,92
告警,_,和,_,92
搜集,_,和,_,92
瞄准,_,和,_,92
感知系统,支持,和,_,92
电磁频谱传感器,是,有源的(如空对空雷达、敌我识别应答器),_,_
电磁频谱传感器,是,无源的(如雷达告警接收机、无源雷达、红外武器导引头),_,_
信号情报,是,情报的一类,_,_
种,_,和,_,93
组合,_,和,_,93
情报,_,和,_,93
信号情报,是,和,_,93
信号情报,提供,表征电磁作战环境的基础,_,_
雷达,_,和,_,94
设备,_,和,_,94
无线电,_,和,_,94
系统,_,和,_,94
信号情报,包括,和,_,94
设备,_,和,_,95
雷达,_,和,_,95
系统,_,和,_,95
无线电,_,和,_,95
电子情报,是,信号情报的子类,_,_
技术,_,或,_,96
核爆炸,_,或,_,96
情报,_,或,_,96
核辐射源,_,或,_,96
电子情报,是,或,_,96
电磁支援,是,电磁战的组成部分,_,_
规避,_,或,_,97
寻,_,或,_,97
实施,_,或,_,97
行动,_,或,_,97
定位,_,或,_,97
威胁,_,或,_,97
截获,_,或,_,97
瞄准,_,或,_,97
规划,_,或,_,97
识别,_,或,_,97
无意,_,或,_,97
有意,_,或,_,97
搜索,_,或,_,97
电磁支援,包括,或,_,97
作战指挥官,指派,行动,_,_
无意,_,或,_,98
有意,_,或,_,98
无意,_,或,_,99
有意,_,或,_,99
无意,_,或,_,100
有意,_,或,_,100
有意,_,或,_,101
无意,_,或,_,101
地形,_,和,_,102
时间,_,和,_,102
威胁,_,和,_,102
环境,_,和,_,102
联合电磁频谱作战分队,降低,和,_,102
环境,_,与,_,103
地形,_,与,_,103
威胁,_,与,_,103
时间,_,与,_,103
不确定性,有关,与,_,103
攻击,_,或,_,104
测量,_,与,_,105
特征,_,与,_,105
情报,_,与,_,106
支援,_,与,_,106
支援,_,与,_,107
情报,_,与,_,107
装备,执行,电磁支援任务,_,_
装备,执行,情报任务,_,_
执行,_,与,_,108
负责,_,或,_,109
是,_,或,_,109
指派,_,或,_,109
提供,_,或,_,109
实施,_,或,_,109
与,在于,或,108,109
搜集,_,或,_,110
实施,_,或,_,110
指派,_,或,_,110
谁,负责,或,_,110
这些装备的任务,是,提供什么以及任务目的是什么,_,_
任务目的,是,什么,_,_
情报,_,和,_,111
支援,_,和,_,111
目的,_,和,_,112
内容,_,和,_,112
范围,_,和,_,112
和,是,和,111,112
作战指挥官,指派,任务,_,_
搜索,_,或,_,113
识别,_,或,_,113
定位,_,或,_,113
无意,_,或,_,113
截获,_,或,_,113
有意,_,或,_,113
作战指挥官指派给电磁支援装备的任务,是,或,_,113
有意,_,或,_,114
无意,_,或,_,114
来源,辐射,电磁能,_,_
局长,_,或,_,115
指挥官,_,或,_,115
者,_,或,_,115
者,_,或,_,116
局长,_,或,_,116
指挥官,_,或,_,116
或,负责,给信号情报资产分派任务,116,_
瞄准,_,及,_,117
识别,_,及,_,117
规避,_,及,_,117
作战,_,及,_,117
实施,_,及,_,117
支持,_,及,_,117
制导,_,及,_,117
电磁支援的目的,是,及,_,117
制导,_,及,_,118
作战,_,及,_,118
活动,_,及,_,118
瞄准,_,及,_,118
规避,_,及,_,118
支援,_,和,_,119
行动,_,和,_,119
相似,_,或,_,120
资源,_,或,_,120
相同,_,或,_,120
资产,_,或,_,120
和,共享,或,119,120
资源,_,和,_,121
资产,_,和,_,121
资源,_,和,_,122
资产,_,和,_,122
行动,_,和,_,123
支援,_,和,_,123
和,搜集,满足两方面需求的情报,123,_
情报,满足,两方面需求,_,_
这,是,为用于情报所搜集的数据不能满足即时的作战需求,_,_
由情报领域适当部门,处理,用于电磁支援目的而搜集的信息,_,_
从电磁频谱中收集到的信息,有,“双重用途”,_,_
作战部队,使用,未经处理的信息,_,_
未经处理的信息,维持,态势感知,_,_
第二,是,信号情报,_,_
保存,_,和,_,124
处理,_,和,_,124
由相应的情报机构,进行,和,_,124
电磁攻击,是,电磁战的组成部分,_,_
攻击,_,或,_,125
使用,_,或,_,125
能,_,或,_,125
设施,_,或,_,125
设备,_,或,_,125
人员,_,或,_,125
武器,_,或,_,125
电磁攻击,包括,或,_,125
武器,_,或,_,126
定向能,_,或,_,126
反辐射,_,或,_,127
定向能,_,或,_,127
人员,_,或,_,128
设施,_,或,_,128
设备,_,或,_,128
压制,_,或,_,129
摧毁,_,或,_,129
削弱,_,或,_,129
其目的,是,或,_,129
干扰,_,和,_,130
入侵,_,和,_,130
典型的电磁攻击能力,包括,和,_,130
欺骗,_,或,_,131
注入,_,或,_,131
迷惑,_,或,_,131
电磁入侵,包括,或,_,131
电磁攻击,是,有源的(即辐射),_,_
电磁攻击,是,无源的(即非辐射/转发),_,_
致命性,_,和,_,132
非致命性,_,和,_,132
非致命性,_,和,_,133
致命性,_,和,_,133
武器,_,和,_,134
光电,_,和,_,134
微波,_,和,_,134
射频,_,和,_,134
激光,_,和,_,134
红外,_,和,_,134
和,包括,和,133,134
武器,使用,电磁脉冲,_,_
箔条,_,和,_,135
角反射器,_,和,_,135
无源电磁攻击系统的例子,包括,和,_,135
联合电磁频谱作战规划人员,使用,联合部队指挥官的指导,_,_
联合电磁频谱作战规划人员,整合,电磁攻击,_,_
联合电磁频谱作战规划人员,协调,作战效果,_,_
联合电磁频谱作战规划人员,结合,风险释放技术,_,_
联合电磁频谱作战规划人员,减少,附带损伤,_,_
这些活动,进行,压制,_,_
部队,_,或,_,136
设施,_,或,_,136
进行,_,或,_,136
扰乱,_,或,_,136
使,_,或,_,136
系统,_,或,_,136
装备,_,或,_,136
破坏,_,或,_,136
使用,_,或,_,136
压制,_,或,_,136
指挥,_,或,_,136
卫星,_,或,_,136
人员,_,或,_,136
传感器,_,或,_,136
雷达,_,或,_,136
摧毁,_,或,_,136
侦察,_,或,_,136
控制,_,或,_,136
监视,_,或,_,136
应用范例,包括,或,_,136
人员,_,或,_,137
设施,_,或,_,137
装备,_,或,_,137
人员,_,或,_,138
设施,_,或,_,138
装备,_,或,_,138
部队,_,或,_,139
装备,_,或,_,139
传感器,_,或,_,140
装备,_,或,_,140
卫星,_,或,_,140
部队,_,或,_,140
触发,_,和,_,141
寻,_,和,_,141
瞄准,_,和,_,141
防御性电磁攻击,描述,和,_,141
敌方,使用,电磁频谱,_,_
敌方,触发,武器,_,_
己方,免,威胁,_,_
己方,受,威胁,_,_
防护,_,或,_,142
自卫,_,或,_,142
攻击,_,和,_,143
防护,_,和,_,143
人员,_,和,_,144
装备,_,和,_,144
设施,_,和,_,144
能力,_,和,_,144
设施,_,和,_,145
EMI,_,和,_,145
干扰,_,和,_,145
攻击,_,和,_,145
能力,_,和,_,145
人员,_,和,_,145
装备,_,和,_,145
电磁防护,是,和,_,145
人员,_,和,_,146
设施,_,和,_,146
装备,_,和,_,146
能力,_,和,_,146
设施,_,和,_,147
装备,_,和,_,147
人员,_,和,_,147
能力,_,和,_,147
攻击,_,或,_,148
干扰,_,或,_,148
和,受,或,147,148
触发,_,和,_,149
使用,_,和,_,149
瞄准,_,和,_,149
寻,_,和,_,149
防御性电磁攻击,是,和,_,149
敌方,使用,电磁频谱,_,_
敌方,触发,武器,_,_
联合部队,依赖,对电磁作战环境的利用,_,_
对手,_,和,_,150
自己方,_,和,_,150
敌方,_,和,_,150
中立方,_,和,_,150
联合电磁频谱作战,降,和,_,150
联合电磁频谱作战,实现,必须的电磁频谱接入,_,_
电磁战,_,和,_,151
管理,_,和,_,151
防护,_,和,_,151
联合电磁频谱作战,整合,和,_,151
联合电磁频谱作战,使,联合部队的用频系统,_,_
电磁防护,是,电磁战的组成,_,_
中立方,_,和,_,152
现象,_,和,_,152
发生,_,和,_,152
摧毁,_,和,_,152
敌方,_,和,_,152
己方,_,和,_,152
人员,_,和,_,152
装备,_,和,_,152
保护,_,和,_,152
导致,_,和,_,152
对手,_,和,_,152
频谱,_,和,_,152
压制,_,和,_,152
削弱,_,和,_,152
设施,_,和,_,152
电磁防护,包括,和,_,152
设施,_,和,_,153
装备,_,和,_,153
人员,_,和,_,153
己方,_,或,_,154
发生,_,或,_,154
中立方,_,或,_,154
对手,_,或,_,154
使用,_,或,_,154
敌方,_,或,_,154
设施,_,和,_,155
装备,_,和,_,155
人员,_,和,_,155
敌方,_,或,_,156
己方,_,或,_,156
中立方,_,或,_,156
对手,_,或,_,156
或,使用,电磁频谱,156,_
敌方,_,或,_,157
中立方,_,或,_,157
对手,_,或,_,157
己方,_,或,_,157
现象的影响,发生,或,_,157
削弱,_,或,_,158
压制,_,或,_,158
摧毁,_,或,_,158
压制,_,或,_,159
摧毁,_,或,_,159
削弱,_,或,_,159
己方战斗能力,受到,或,_,159
流程,_,或,_,160
减少,_,或,_,160
属性,_,或,_,160
干扰,_,或,_,160
消除,_,或,_,160
能力,_,或,_,160
EMI,_,或,_,160
电磁防护重点,在于,或,_,160
系统,_,或,_,161
能力,_,或,_,161
流程,_,或,_,161
属性,_,或,_,161
或,消除,电磁干扰(EMI)影响,161,_
能力,_,或,_,162
属性,_,或,_,162
系统,_,或,_,162
流程,_,或,_,162
或,减少,电磁干扰(EMI)影响,162,_
流程,_,和,_,163
方法,_,和,_,163
硬件,_,和,_,163
程序,_,和,_,163
程序,_,和,_,164
硬件,_,和,_,164
流程,_,和,_,164
方法,_,和,_,164
和,使,己方的各项功能,164,_
己方的各项功能,发挥,其既定功能,_,_
装备,_,和,_,165
设施,_,和,_,165
人员,_,和,_,165
和,发射,电磁能,165,_
人员,_,和,_,166
设施,_,和,_,166
装备,_,和,_,166
和,反射,电磁能,166,_
搜集,_,和,_,167
磁,_,和,_,167
有,_,和,_,167
利用,_,和,_,167
识别,_,和,_,167
射频,_,和,_,167
光,_,和,_,167
热,_,和,_,167
这些电磁能,具有,和,_,167
信号特征,有,特点,_,_
技术,_,和,_,168
可观测性,_,和,_,168
和,提高,光电/红外对抗的效能,168,_
人员,_,和,_,169
设施,_,和,_,169
装备,_,和,_,169
设施,_,和,_,170
装备,_,和,_,170
人员,_,和,_,170
和,受,电磁能不良效果影响,170,_
电磁加固,是,一项应对电磁攻击(如激光、高功率微波、电磁脉冲)效应的电磁防护活动,_,_
电磁防护活动,应对,电磁攻击(如激光、高功率微波、电磁脉冲)效应,_,_
传感器,_,和,_,171
规程,_,和,_,171
特征,_,和,_,171
设备,_,和,_,171
武器,_,和,_,171
系统,_,和,_,171
战时保留模式,是,和,_,171
特征,_,和,_,172
规程,_,和,_,172
敌方指挥官,知道,和,_,172
有关电磁频谱协调措施更多的信息,参阅,附录F“电磁频谱协调措施”,_,_
截获,_,和,_,173
研究,_,和,_,173
如,_,和,_,173
电磁安全,指,和,_,173
非授权人员,研究,非通信电磁辐射(如雷达),_,_
非授权人员,获取,有价值信息,_,_
联合部队在电磁频谱中的所有行动,进行,管理,_,_
联合部队,保持,行动一致,_,_
造成,_,和,_,174
使,_,和,_,174
遭受,_,和,_,174
能力,_,和,_,174
系统,_,和,_,174
电磁频谱管理的目标,是,和,_,174
能力,_,和,_,175
系统,_,和,_,175
系统,_,和,_,176
能力,_,和,_,176
和,依靠,电磁频谱,176,_
系统,_,和,_,177
能力,_,和,_,177
和,完成,设计的功能,177,_
电磁频谱管理,提供,架构,_,_
电磁频谱管理,类似,空战中的空域管理,_,_
评估,_,和,_,178
指导,_,和,_,178
规划,_,和,_,178
监控,_,和,_,178
电磁战斗管理,包括,和,_,178
电磁战斗管理,支持,指挥官的目标,_,_
它,进行,协调指导,_,_
它,使,己方电磁频谱作战行动,_,_
电磁战斗管理,是,指挥官对形成作战环境的所有行动进行告知的一种机制,_,_
指挥官,进行,告知,_,_
软件,_,所,_,179
人员,_,所,_,179
程序,_,所,_,179
通信,_,所,_,179
装备,_,所,_,179
设施,_,所,_,179
指挥官,规划,所,_,179
通信,_,所,_,180
软件,_,所,_,180
设施,_,所,_,180
装备,_,所,_,180
人员,_,所,_,180
程序,_,所,_,180
指挥官,指挥,所,_,180
设施,_,所,_,181
装备,_,所,_,181
程序,_,所,_,181
软件,_,所,_,181
通信,_,所,_,181
人员,_,所,_,181
指挥官,控制,所,_,181
设施,_,和,_,182
人员,_,和,_,182
软件,_,和,_,182
程序,_,和,_,182
通信,_,和,_,182
装备,_,和,_,182
电磁频谱中的行动,必需,和,_,182
指挥,_,和,_,183
控制,_,和,_,183
规划,_,和,_,183
人员,_,和,_,184
设施,_,和,_,184
软件,_,和,_,184
通信,_,和,_,184
程序,_,和,_,184
装备,_,和,_,184
和,组成,和,184,183
指挥,_,和,_,185
支持,_,和,_,185
控制,_,和,_,185
感知,_,和,_,185
电磁战斗管理,提供,和,_,185
能力,_,与,_,186
发布,_,与,_,186
协调,_,与,_,186
系统,_,与,_,186
分配,_,与,_,186
分析,_,与,_,186
指定,_,与,_,186
申请,_,与,_,186
频率管理,包括,与,_,186
系统,_,与,_,187
能力,_,与,_,187
与,依赖,电磁频谱,187,_
非电磁攻击的电磁发射,分配,频率,_,_
说明,_,与,_,188
措施,_,与,_,188
频率管理,是,与,_,188
说明,_,与,_,189
措施,_,与,_,189
频率管理,包括,频谱分析、工程、评估用频系统并根据需求开发例如联合限制频率清单、联合通信—电子操作说明等电磁频谱产品,_,_
频率管理,开发,例如联合限制频率清单、联合通信—电子操作说明等电磁频谱产品,_,_
传感器,_,和,_,190
雷达,_,和,_,190
系统,_,和,_,190
信息,_,和,_,190
通信,_,和,_,190
数据链,_,和,_,190
无线电,_,和,_,190
频率管理的例子,包括,和,_,190
与国家,进行,协调,_,_
系统,使用,会从其他感兴趣区域跨越边界进行辐射,_,_
系统,跨越,边界,_,_
系统,进行,辐射,_,_
授权批准在一国内发射电磁能,是,一项主权权利,_,_
所在国,_,与,_,191
司令部,_,与,_,191
与,确定,程序,191,_
所在国协调,完成,所在国协调,_,_
指挥官,_,和,_,192
参谋,_,和,_,192
法律,_,或,_,193
法规,_,或,_,193
条约,_,或,_,193
和,清楚,或,192,193
条约,_,或,_,194
法规,_,或,_,194
法律,_,或,_,194
在所在国未经授权使用电磁频谱,违反,或,_,194
指挥官,_,及其,_,195
参谋,_,及其,_,195
法律顾问,帮助,及其,_,195
指挥官,_,及其,_,196
参谋,_,及其,_,196
法规,_,和,_,197
法律,_,和,_,197
条约,_,和,_,197
及其,了解,和,196,197
法规,_,和,_,198
条约,_,和,_,198
法律,_,和,_,198
拥塞,_,和,_,199
对抗,_,和,_,199
和,使,在电磁作战环境中,199,_
来源,_,或,_,200
原因,_,或,_,200
诊断,_,和,_,201
报告,_,和,_,201
消除,_,或,_,202
报告,_,或,_,202
解决,_,或,_,202
作战司令部,确保,或,_,202
电磁干扰,是,有意的,_,_
辐射,_,或,_,203
谐波,_,或,_,203
管理,_,或,_,203
产物,_,或,_,203
操作,_,或,_,203
电磁干扰,是,或,_,203
辐射,_,或,_,204
管理,_,或,_,204
产物,_,或,_,204
操作,_,或,_,204
谐波,_,或,_,204
程序,_,以及,_,205
手册,_,以及,_,205
方案,_,以及,_,205
有关联合频谱干扰解决方案更多的信息,参阅,以及,_,205
任务领域,相关,与联合电磁频谱作战,_,_
频谱,_,和,_,206
空间,_,和,_,206
多数军事系统,包含,和,_,206
空间,_,和,_,207
电磁,_,和,_,207
排序,_,和,_,208
同步,_,和,_,208
冲突,_,和,_,208
大多数联合电磁频谱作战,发生,在赛博空间以外,_,_
许多赛博空间行动,使用,电磁频谱,_,_
许多赛博空间行动,建立,与目标的通信路径,_,_
例子,支持,赛博空间行动,_,_
电磁波形,_,和,_,209
位置,_,和,_,209
位置,_,和,_,210
波形,_,和,_,210
和,支持,威胁赛博空间行动,210,_
行动,威胁,赛博空间,_,_
管理能力,确保,赛博空间行动的活动与电磁作战环境中的其他军事电磁频谱活动不冲突,_,_
赛博空间行动的活动,冲突,与电磁作战环境中的其他军事电磁频谱活动,_,_
有关赛博空间行动更多的信息,参阅,联合出版物JP3_12《赛博空间行动》,_,_
所有太空作战,依靠,电磁频谱,_,_
分发,_,和,_,211
感知,_,和,_,211
控制,_,和,_,211
所有太空作战,进行,和,_,211
排序,_,和,_,212
冲突,_,和,_,212
整合,_,和,_,212
同步,_,和,_,212
同步,_,和,_,213
排序,_,和,_,213
冲突,_,和,_,213
整合,_,和,_,213
例子,支持,太空作战,_,_
辐射源,干扰,卫星链路,_,_
链路,_,或,_,214
链路,_,或,_,215
活动,_,与,_,216
干扰,_,以及,_,217
可能性,_,以及,_,217
EMI,_,以及,_,217
人员,_,以及,_,217
装备,_,以及,_,217
风险,_,以及,_,217
攻击,_,和,_,218
管理,_,和,_,218
防护,_,和,_,218
导航,_,和,_,219
授时,_,和,_,219
定位,_,和,_,219
己方部队,使用,和,_,219
敌方,使用,这些信息,_,_
有关太空作战更多的信息,参阅,联合出版物JP3_14《太空作战》,_,_
联合电磁频谱作战,提供,流程,_,_
能力,_,和,_,220
装备,_,和,_,220
系统,_,和,_,220
部队,_,和,_,220
危害,_,和,_,221
兼容性,_,和,_,221
EMI,_,和,_,221
干扰,_,和,_,221
脉冲,_,和,_,221
电磁环境效应的例子,包括,和,_,221
雷电,_,以及,_,222
干扰,_,以及,_,222
天气,_,以及,_,222
影响,_,以及,_,222
危害,_,以及,_,222
电磁辐射危害,包括,以及,_,222
装备,_,和,_,223
装置,_,和,_,223
系统,_,和,_,223
装备,_,和,_,224
装置,_,和,_,224
系统,_,和,_,224
和,使用,电磁频谱,224,_
装备,_,和,_,225
装置,_,和,_,225
系统,_,和,_,225
运用,_,来,_,226
实现,_,来,_,226
电磁兼容,涉及,来,_,226
手段,_,或,_,227
核爆,_,或,_,227
武器,_,或,_,227
现象,_,或,_,227
电磁脉冲,是,或,_,227
武器,_,或,_,228
核爆,_,或,_,228
手段,_,或,_,228
现象,_,或,_,228
或,产生,电磁辐射,228,_
电压,_,和,_,229
电流,_,和,_,229
电磁脉冲,产生,和,_,229
高空电磁脉冲,产生,极大的破坏性场强,_,_
定向能武器,产生,极大的破坏性场强,_,_
装备,_,和,_,230
防护,_,和,_,230
设施,_,和,_,230
人员,_,和,_,230
屏蔽,_,和,_,230
防护,_,和,_,231
屏蔽,_,和,_,231
发射机或天线装置,产生,超过安全水平的电磁辐射,_,_
电磁辐射,超过,安全水平,_,_
人员,_,和,_,232
军械,_,和,_,232
燃料,_,和,_,232
发射机或天线装置,确保,作业安全,_,_
在电磁频谱中工作的系统,受,电磁环境效应的影响,_,_
装备,_,和,_,233
平台,_,和,_,233
系统,_,和,_,233
设备,_,和,_,233
军械,_,和,_,233
设计,_,和,_,234
测试,_,和,_,234
和,暴露,和,234,233
互操作性,_,和,_,235
安全性,_,和,_,235
可靠性,_,和,_,235
互操作性,_,和,_,236
可靠性,_,和,_,236
安全性,_,和,_,236
性能,存在,明显的降级(无法完成指定任务),_,_
其,存在,电磁易损性,_,_
联合电磁频谱作战规划人员,确定,电磁环境效应的关键影响,_,_
手段,缓解,电磁环境效应,_,_
接收,_,与,_,237
发射,_,与,_,237
属性,_,和,_,238
位置,_,和,_,238
发射,_,和,_,238
时间,_,和,_,238
接收,_,和,_,238
有关电磁环境效应更多的信息,参阅,国防部指令DODI3222.03《国防部电磁环境效应项目》,_,_
指挥,_,和,_,239
整合,_,和,_,239
同步,_,和,_,239
活动,_,与,_,240
能力,_,与,_,240
与,有助于,和,240,239
活动,_,与,_,241
能力,_,与,_,241
联合部队指挥官,整合,与,_,241
能力,_,与,_,242
活动,_,与,_,242
联合部队指挥官,同步,与,_,242
能力,_,与,_,243
活动,_,与,_,243
的作战行动,依赖,电磁频谱,_,_
管理,_,和,_,244
整合,_,和,_,244
这些行动,进行,和,_,244
光学,_,和,_,245
频段,_,和,_,245
微波,_,和,_,245
无线电,_,和,_,245
频谱,_,和,_,245
指挥官的指挥控制,依赖,和,_,245
微波,_,和,_,246
光学,_,和,_,246
无线电,_,和,_,246
这些频段,受到,敌方的对抗,_,_
敌方,_,和,_,247
对手,_,和,_,247
民用,_,和,_,247
应用,_,和,_,247
商用,_,和,_,247
联合电磁频谱作战,消除,和,_,247
同步,_,和,_,248
排序,_,和,_,248
联合电磁频谱作战,保护,联合部队通信系统,_,_
联合部队通信系统,受,敌方电磁攻击的威胁,_,_
指挥,_,和,_,249
控制,_,和,_,249
在电磁频谱中的作战,受到,和,_,249
了解作战环境,是,联合作战的基础,_,_
传感器,依赖,于频谱,_,_
无论是有源的(如合成孔径雷达)还是无源的(如情报监视侦察平台、无线电扫描仪、红外照相机),提供,近实时感知作战环境态势所需的大部分信息,_,_
近实时感知作战环境态势,需,信息,_,_
无论是有源的(如合成孔径雷达)还是无源的(如情报监视侦察平台、无线电扫描仪、红外照相机),提供,支持,_,_
判断,_,和,_,250
产品,_,和,_,250
作战环境的联合情报准备,是,和,_,250
判断,_,和,_,251
产品,_,和,_,251
联合情报机构,生成,和,_,251
作战环境的联合情报准备,提供,支持,_,_
排序,_,和,_,252
同步,_,和,_,252
整合,_,和,_,252
联合电磁频谱作战,增强,情报活动,_,_
联合电磁频谱作战,是,支持火力的关键使能器,_,_
使能器,支持,火力,_,_
削弱,_,和,_,253
欺骗,_,和,_,253
摧毁,_,和,_,253
中断,_,和,_,253
电磁攻击能力(包括定向能),产生,和,_,253
削弱,_,和,_,254
欺骗,_,和,_,254
中断,_,和,_,254
摧毁,_,和,_,254
指挥,_,和,_,255
需求,_,和,_,255
导引头,_,和,_,255
传感器,_,和,_,255
数据链,_,和,_,255
控制,_,和,_,255
许多火力系统,具有,和,_,255
目标瞄准传感器,依赖,于频谱,_,_
联合电磁频谱作战管理职能,消除,这些系统间的冲突,_,_
排序,_,和,_,256
整合,_,和,_,256
联合电磁频谱作战管理职能,进行,和,_,256
联合电磁频谱作战管理职能,保护,它们,_,_
它们,受,敌方电磁频谱作战的影响,_,_
领域,_,和,_,257
是,_,和,_,257
电磁战,_,和,_,257
作战,_,和,_,257
作战,_,和,_,258
领域,_,和,_,258
电磁战,_,和,_,258
领域,_,和,_,259
电磁战,_,和,_,259
作战,_,和,_,259
和,产生,协同效应,259,_
致命,_,或,_,260
电磁攻击,产生,或,_,260
支援,_,和,_,261
情报,_,和,_,261
武器化,_,和,_,262
瞄准,_,和,_,262
和,提供,和,261,262
运动,_,与,_,263
机动,_,与,_,263
运动,_,与,_,264
机动,_,与,_,264
与,获取,对敌方的优势地位,264,_
模式,_,与,_,265
频率,_,与,_,265
方向,_,与,_,265
波形,_,与,_,265
特性,_,与,_,265
功率,_,与,_,265
用频系统,改变,与,_,265
联合部队,使用,电磁攻击,_,_
联合部队,占用,关键频段,_,_
联合部队,引导,敌方,_,_
敌方,使用,电磁频谱,_,_
致命,_,和,_,266
联合部队,产生,和,_,266
机动部队,进行,有效的联合行动,_,_
支持,_,和,_,267
防护,_,和,_,267
火力,_,和,_,267
控制,_,和,_,267
信息,_,和,_,267
情报,_,和,_,267
联合电磁频谱作战,提供,和,_,267
联合电磁频谱作战,提供,保护,_,_
敌方,_,和,_,268
对手,_,和,_,268
商用,_,和,_,268
民用,_,和,_,268
联合电磁频谱作战,消除,和,_,268
民用,_,和,_,269
商用,_,和,_,269
敌方,_,和,_,269
对手,_,和,_,269
和,使用,电磁频谱,269,_
联合部队战斗识别系统,确定,优先级,_,_
联合电磁频谱作战,进行,整合,_,_
联合电磁频谱作战,保护,它们,_,_
它们,受,敌方电磁攻击的影响,_,_
对手,_,与,_,270
通信,_,与,_,270
商用,_,与,_,270
民用,_,与,_,270
使用,_,与,_,270
联合电磁频谱作战,消除,与,_,270
民用/商用/对手/敌方,使用,电磁频谱,_,_
联合电磁频谱作战,确定,优先级,_,_
联合电磁频谱作战,同步,各组成部队的通信,_,_
联合电磁频谱作战,保护,联合部队通信,_,_
联合部队通信,受,敌方电磁攻击的影响,_,_
维护活动,提供,支持,_,_
由联合电磁频谱作战提供支持的维护活动,确保,行动自由,_,_
由联合电磁频谱作战提供支持的维护活动,扩大,作战范围,_,_
由联合电磁频谱作战提供支持的维护活动,延长,战斗持续时间,_,_
联合电磁频谱作战,是,贯穿电磁作战环境的信息活动(如公共事务、军事信息支援行动、赛博空间行动)的关键使能器,_,_
信息活动,贯穿,电磁作战环境,_,_
规划,_,与,_,271
实施,_,与,_,271
与,是,联合部队指挥官的职权,271,_
要求,_,以及,_,272
分派,_,以及,_,272
数量,_,以及,_,272
规模,_,以及,_,272
完成,_,以及,_,272
以及,是,影响参谋机构的因素,272,_
因素,影响,参谋机构,_,_
需求,_,和,_,273
职能,_,和,_,273
机构,_,和,_,273
本章,规划,和,_,273
需求,_,和,_,274
职能,_,和,_,274
机构,_,和,_,274
实施,_,和,_,275
规划,_,和,_,275
本章,介绍,和,_,275
各军种,实施,电磁频谱作战,_,_
职能,_,/,_,276
军种,_,/,_,276
本章,提供,/,_,276
军种,_,/,_,277
职能,_,/,_,277
/,组成,部队,277,_
联合部队指挥官参谋的联合电磁频谱作战职能,进行,交互,_,_
颁布,_,与,_,278
评估,_,与,_,278
指南,_,与,_,278
规划,_,与,_,278
制定,_,与,_,278
实施,_,与,_,278
政策,_,与,_,278
联合部队指挥官,负责,与,_,278
政策,_,与,_,279
实施,_,与,_,279
指南,_,与,_,279
规划,_,与,_,279
评估,_,与,_,279
政策,_,与,_,280
实施,_,与,_,280
指南,_,与,_,280
规划,_,与,_,280
评估,_,与,_,280
政策,_,与,_,281
指南,_,与,_,281
人员,受训,联合电磁频谱作战,_,_
指挥官,_,及其,_,282
及其,建立,一个常设的联合电磁频谱作战分队,282,_
指挥官,_,及其,_,283
及其,支持,指派部队的电磁频谱,283,_
作战指挥官,得到,支持,_,_
每位得到支持的作战指挥官,制定,指挥政策,_,_
获得,_,及其,_,284
授权,_,及其,_,284
区域,_,及其,_,284
完成,_,及其,_,284
司令部,_,及其,_,284
使用,_,及其,_,284
每位得到支持的作战指挥官,明确,及其,_,284
指定的军事力量,使用,电磁频谱,_,_
指定的军事力量,完成,指定任务,_,_
指挥官,得到,支持,_,_
每位得到支持的联合部队指挥官,传达,在联合作战区域内获取电磁频谱优势的指南,_,_
意图,_,以及,_,285
说明,_,以及,_,285
方式,_,以及,_,285
需求,_,以及,_,285
指导,_,以及,_,285
该指南,包含,以及,_,285
较低层级,解决,用户优先级问题,_,_
力量,_,和,_,286
当局,_,和,_,286
和,保持,密切联系,286,_
当局,_,和,_,287
力量,_,和,_,287
作战,_,和,_,288
训练,_,和,_,288
演习,_,和,_,288
规划,_,和,_,288
和,确保,和,287,288
用频,_,和,_,289
使用,_,和,_,289
传输,_,和,_,289
规程,_,和,_,289
政策,_,和,_,289
保护,_,和,_,289
规程,_,和,_,290
政策,_,和,_,290
和,保护,用频系统的可重编程波形(即电磁频谱技术数据),290,_
政策,_,和,_,291
传输,_,和,_,291
保护,_,和,_,291
规程,_,和,_,291
使用,_,和,_,291
用频,_,和,_,291
特征,_,与,_,292
中立方,_,与,_,292
管理,_,以及,_,293
规划,_,以及,_,293
评估,_,以及,_,293
协调,_,以及,_,293
监控,_,以及,_,293
实施,_,以及,_,293
电磁频谱协调机构,进行,以及,_,293
联合部队指挥官,授予,电磁频谱协调权,_,_
联合部队,指派,任务,_,_
技能,_,和,_,294
任务,_,和,_,294
和,决定,实际授权,294,_
授权代表,联络,联合电磁频谱作战分队队长,_,_
授权代表,履行,职能,_,_
指南,指导,电磁频谱作战,_,_
指南,支持,联合电磁频谱作战,_,_
说明,_,以及,_,295
目标,_,以及,_,295
指南,_,以及,_,295
优先级,_,以及,_,295
清单,_,以及,_,295
规划,_,以及,_,295
指令,_,以及,_,295
指令,_,以及,_,296
说明,_,以及,_,296
目标,_,以及,_,296
规划,_,以及,_,296
清单,_,以及,_,296
优先级,_,以及,_,296
联合参谋部各处(如联合参谋部情报处(J_2)、联合参谋部作战处(J_3)、联合参谋部后勤处(J_4)、联合参谋部规划处(J_5)、联合参谋部通信系统处(J_6)),提供,所需的支持,_,_
要求,_,与,_,297
限制,_,与,_,297
限制,_,和,_,298
要求,_,和,_,298
流程,整合,和,_,298
国家,受,影响,_,_
同步,_,以及,_,299
排序,_,以及,_,299
整合,_,以及,_,299
管理,_,以及,_,299
冲突,_,以及,_,299
所有联合电磁频谱用户之间,需,协调,_,_
规程,_,和,_,300
政策,_,和,_,300
用户,定义,作战场景,_,_
目标,_,和,_,301
优势,_,和,_,301
发射,_,或,_,302
停止,_,或,_,302
电磁攻击控制权,是,或,_,302
发射,_,或,_,303
停止,_,或,_,303
指挥官,发出,或,_,303
指挥官,停止,发射,_,_
由联合部队指挥官,授权,该项权力,_,_
指挥官,具备,以下能力,_,_
系统,具有,电磁攻击能力,_,_
联合部队电磁攻击辐射活动,符合,电磁,_,_
联合电磁频谱作战分队内的联合频率管理办公室代表,协调,电磁频谱管理工作,_,_
电磁频谱管理代表,负责,联合电磁频谱作战分队的电磁频谱管理领导/协调工作,_,_
_1,提供,指导,_,_
干扰,_,和,_,304
管理,_,和,_,304
EMI,_,和,_,304
机构,_,或,_,305
所在国,_,或,_,305
使用限制指南,适用,或,_,305
与批准的电磁频谱协调措施,保持,一致,_,_
与联合部队各组成部队,协调,电磁频谱需求,_,_
特遣部队,_,或,_,306
部队,_,或,_,306
联合,_,或,_,307
部队,_,或,_,307
或,提交,电磁频,307,_
发布,_,和,_,308
更新,_,和,_,308
协调,_,和,_,308
制定,_,和,_,308
维护,_,和,_,309
规划,_,和,_,309
控制,_,和,_,309
使用,_,和,_,309
协调,_,和,_,309
和,需,通用,309,_
通信,_,和,_,310
雷达,_,和,_,310
发射机,_,和,_,310
接收机,_,和,_,310
传感器,_,和,_,310
无人机,_,和,_,310
该频率数据库,包含,和,_,310
人员,_,和,_,311
成员,_,和,_,311
联合电磁频谱作战分队核心成员,代表,联合参谋部情报处,_,_
整合,_,和,_,312
去,_,和,_,312
排序,_,和,_,312
规划,_,和,_,312
协调,_,和,_,312
冲突,_,和,_,312
同步,_,和,_,312
联合电磁频谱作战分队核心成员,负责,和,_,312
行动,_,与,_,313
搜集,_,与,_,313
搜集,_,和,_,314
输入,_,和,_,314
中立方,_,和,_,315
所在国,_,和,_,315
敌方,_,和,_,315
对手,_,和,_,315
联合电磁频谱作战分队,确定,电磁干扰(EMI)来源,_,_
联合电磁频谱作战分队,确定,目标,_,_
活动,_,和,_,316
能力,_,和,_,316
确保作战环境的联合情报准备中,包含,和,_,316
活动,_,和,_,317
能力,_,和,_,317
联络人,_,或,_,318
作战,_,或,_,318
电磁战,_,或,_,318
人员,_,或,_,318
配备,_,或,_,318
评估,_,或,_,318
行动,_,或,_,318
行动,_,或,_,319
作战,_,或,_,319
联络人,_,/,_,320
电磁战,_,/,_,320
人员,_,/,_,320
作战,_,/,_,320
战斗损伤评估小组,配备,/,_,320
人员,受,联合电磁频谱作战/电磁战训练,_,_
联络人,受,联合电磁频谱作战/电磁战训练,_,_
作战,_,或,_,321
电磁战,_,或,_,321
战斗损伤评估小组,评估,或,_,321
作战,_,或,_,322
行动,_,或,_,322
导航,_,和,_,323
授时,_,和,_,323
联合电磁频谱作战分队,确定,和,_,323
授时,_,和,_,324
导航,_,和,_,324
来源,影响,指控技术操作,_,_
联合部队指挥官,指定,协调机构,_,_
评估,_,和,_,325
方法,_,和,_,325
危害,_,和,_,326
配置,_,或,_,327
采办,_,或,_,327
大气,_,和,_,328
太空,_,和,_,328
现象,_,和,_,328
效应,_,和,_,328
大气,_,和,_,329
太空,_,和,_,329
和,影响,电磁作战环境,329,_
维护,_,和,_,330
分发,_,和,_,330
支援,_,和,_,330
为电磁频谱作战分队确定的优先级高的部队,协调,和,_,330
与联合电磁频谱作战分队,确保,将联合电磁频谱作战纳入计划,_,_
所在国,_,和,_,331
合作方,_,和,_,331
和,制定,协调程序,331,_
联合部队指挥官,指定,机构,_,_
联合电磁频谱作战分队核心成员,代表,联合参谋部通信系统处,_,_
整合,_,和,_,332
排序,_,和,_,332
同步,_,和,_,332
去,_,和,_,332
冲突,_,和,_,332
规划,_,和,_,332
协调,_,和,_,332
干扰,_,所,_,333
破坏,_,所,_,333
EMI,_,所,_,333
联合电磁频谱作战分队,解决,所,_,333
联合电磁频谱作战小组,开发,电磁频谱数据库,_,_
与所在国电磁频谱组织,协商,军用电磁频谱的使用,_,_
管理,_,和,_,334
运行,_,和,_,334
控制机构,管理,联合通信网,_,_
控制机构,运行,联合通信网,_,_
演习,_,与,_,335
作战,_,与,_,335
作战,_,与,_,336
演习,_,与,_,336
需求,_,与,_,337
缺口,_,与,_,337
与联合电磁频谱作战分队,确定,与,_,337
配置,_,或,_,338
采办,_,或,_,338
联合电磁频谱作战分队队长,是,指挥官在电磁频谱相关问题,_,_
联合部队指挥官,达成,目标,_,_
评估,_,和,_,339
标识,_,和,_,339
能,_,及其,_,340
系统,_,及其,_,340
区域,_,及其,_,340
状态,_,和,_,341
能力,_,和,_,341
数量,_,和,_,341
资源,_,和,_,341
类型,_,和,_,341
类型,_,和,_,342
状态,_,和,_,342
数量,_,和,_,342
类型,_,和,_,343
数量,_,和,_,343
状态,_,和,_,343
实现联合部队指挥官目标,需,资源,_,_
联合,_,和,_,344
活动,_,和,_,344
作战,_,和,_,344
联合,_,和,_,345
作战,_,和,_,345
活动,_,和,_,345
程序,_,和,_,346
区域,_,和,_,346
指南,_,和,_,346
政策,_,和,_,346
措施,_,和,_,346
联合部队指挥官指南,为,电磁频谱优先级,_,_
威胁,_,和,_,347
活动,_,和,_,347
冲突,_,和,_,347
分配,_,及其,_,348
作战,_,及其,_,348
命令,_,和,_,349
指示,_,和,_,349
指示,_,与,_,350
命令,_,与,_,350
常设的联合电磁频谱作战分队以外的专业技能,解决,问题,_,_
未来,_,和,_,351
当前,_,和,_,351
规划,_,和,_,352
协调,_,和,_,352
实施,_,和,_,352
评估,_,和,_,352
情报需求,支持,联合电磁频谱作战,_,_
与联合参谋部情报处(J_2),提出,电磁频谱使用优先级建议,_,_
分析,_,和,_,353
建模,_,和,_,353
仿真,_,和,_,353
建模,_,和,_,354
分析,_,和,_,354
仿真,_,和,_,354
己方,_,以及,_,355
中立方,_,以及,_,355
威胁方,_,以及,_,355
己方,_,以及,_,356
中立方,_,以及,_,356
威胁方,_,以及,_,356
联合,_,和,_,357
国,_,和,_,357
规划,_,和,_,358
实施,_,和,_,358
3320.02《联合频谱干扰解决方案》,执行,联合频谱干扰解决方案职能,_,_
指导,_,和,_,359
程序,_,和,_,359
流程,_,和,_,360
标准,_,和,_,360
流程,_,和,_,361
标准,_,和,_,361
与联合参谋部规划处(J_5),执行,所在国协调职能,_,_
小组,_,和,_,362
大使馆,_,和,_,362
所在国,_,和,_,362
办公室,_,和,_,362
所在国协调,涉及,和,_,362
系统,_,/,_,363
能力,_,/,_,363
指导,_,和,_,364
程序,_,和,_,364
J_6,_,和,_,365
J_3,_,和,_,365
J_2,_,和,_,365
状态,_,和,_,366
可用性,_,和,_,366
系统,_,和,_,366
能力,_,和,_,366
电磁频谱作战计划,组成,部队,_,_
烟,_,与,_,367
支持,_,与,_,367
差距,_,与,_,367
清单,_,与,_,367
呼号,_,与,_,367
用频,_,与,_,367
请求,_,与,_,367
说明,_,与,_,367
火,_,与,_,367
需求,_,与,_,367
能力,_,与,_,367
计划,确定,与,_,367
电磁频谱使用需求,组成,部队,_,_
组成部队,报告,电磁频谱的实际使用情况,_,_
输入,包括,只收不发的系统,_,_
攻击,_,和,_,368
排序,_,和,_,368
感知,_,和,_,368
通信,_,和,_,368
整合,_,和,_,368
输入,确保,和,_,368
排序,_,和,_,369
整合,_,和,_,369
规则,_,和,_,370
流程,_,和,_,370
用户,确保,和,_,370
流程,_,和,_,371
规则,_,和,_,371
流程,_,和,_,372
规则,_,和,_,372
程序,授权,参数,_,_
用频设备,得到,正确维护,_,_
电磁频谱,造成,影响,_,_
指挥官,_,或,_,373
指挥官,_,或,_,374
联合电磁频谱作战分队,为,主要参谋机构,_,_
指挥官,_,或,_,375
评估,_,和,_,376
协调,_,和,_,376
实施,_,和,_,376
规划,_,和,_,376
联合电磁频谱作战分队,负责,和,_,376
联合电磁频谱作战分队,协调,联合电磁频谱作战,_,_
指挥官,_,或,_,377
联合电磁频谱作战分队,获取,电磁频谱优势,_,_
指挥官,_,或,_,378
联合电磁频谱作战分队,保持,电磁频谱优势,_,_
指挥官,_,或,_,379
指挥官,_,或,_,380
或,结合,联合电磁频谱作战分队原有的组织职责,380,_
指挥官,_,或,_,381
或,让,联合部队指挥官,381,_
联合部队指挥官,实施,统一指挥,_,_
联合部队的统一行动,源自,联合部队职能要素(例如，信号情报、电磁频谱管理、电磁战、赛博空间,_,_
电磁频谱活动,组成,部队,_,_
联合电磁频谱作战分队,加快,电磁频谱作战所需的信息流动,_,_
电磁频谱作战,需,信息流动,_,_
联合电磁频谱作战分队,加强,联合部队现有的指挥控制系统,_,_
联合电磁频谱作战分队,帮助,联合部队指挥官,_,_
联合部队指挥官,确定,电磁频谱作战优先级,_,_
联合部队指挥官,传达,作战意图,_,_
联合部队指挥官,整合,支援指挥官的能力,_,_
组织,_,和,_,382
军种,_,和,_,382
职能,_,和,_,382
小组,_,和,_,382
和,保持,例行联系,382,_
这些关系,得到,完善,_,_
实施,_,和,_,383
评估,_,和,_,383
规划,_,和,_,383
协作网络,贯穿,和,_,383
其,执行,指定的任务,_,_
由联合电磁频谱作战分队,进行,联合作战区域中的联合电磁频谱作战,_,_
联合特遣部队的组织结构,承袭,作战司令部的组织结构,_,_
设施,_,和,_,384
资源,_,和,_,384
联合部队指挥官,利用,和,_,384
联合部队指挥官,支持,实施,_,_
有关电磁频谱作战外围支持组织更多的信息,参阅,附录D“支持联合电磁频谱作战的组织”,_,_
组织,支持,联合电磁频谱作战,_,_
组织,联合,电磁频谱作战,_,_
联合电磁频谱作战分队,是,联合部队中负责联合电磁频谱作战的常设组织,_,_
组织,负责,联合电磁频谱作战,_,_
管理,_,和,_,385
感知,_,和,_,385
通信,_,和,_,385
攻击,_,和,_,385
支援,_,和,_,385
建模,_,和,_,385
分配,_,和,_,385
其核心成员,组成,和,_,385
联合电磁频谱作战分队成员,是,长期委派,_,_
联合电磁频谱作战分队成员,具有,专业知识,_,_
联合电磁频谱作战分队成员,为,各自组织的发言人,_,_
联合电磁频谱作战分队,进行,协调,_,_
组成,_,和,_,386
指挥,_,和,_,386
指挥,_,和,_,387
组成,_,和,_,387
联合电磁频谱作战分队,挂靠,在联合参谋部通信系统处(J_6),_,_
联合电磁频谱作战分队,挂靠,在联合参谋部作战处(J_3),_,_
运作,_,和,_,388
接入,_,和,_,388
办公室,_,和,_,388
获得,_,和,_,388
J_6,_,和,_,388
J_2,_,和,_,388
J_3,_,和,_,388
作战指挥官甲,选择,和,_,388
J_6,_,和,_,389
J_2,_,和,_,389
办公室,_,和,_,389
联合电磁频谱作战分队,接入,和,_,389
联合电磁频谱作战分队,获得,支持,_,_
作战指挥官乙,抽调,合适的人员,_,_
图2_1,给,联合电磁频谱作战分队组织结构的概念示意,_,_
规划,_,和,_,390
协调,_,和,_,390
指导,_,和,_,390
作战司令部联合电磁频谱作战分队,负责,和,_,390
实施,_,和,_,391
规划,_,和,_,391
下级联合电磁频谱作战分队,负责,和,_,391
实施,_,和,_,392
规划,_,和,_,392
技能,_,及,_,393
成员,_,及,_,393
联合电磁频谱作战分队,保持,及,_,393
任务,_,和,_,394
工作,_,和,_,394
联合电磁频谱作战分队,履行,和,_,394
任务,_,和,_,395
工作,_,和,_,395
联合电磁频谱作战分队,承担,联合频率管理办公室的所有职责(如果联合频率管理办公室完全并入联合电磁频谱作战分队),_,_
分队,_,和,_,396
联合电磁频谱作战分队,承担,和,_,396
分队,_,和,_,397
和,承担,职责,397,_
联合电磁频谱作战分队的每项职能,进行,协调,_,_
联合电磁频谱作战分队队长,是,指挥官在电磁频谱相关问题上的主要顾问,_,_
联合电磁频谱作战分队队长,提供,对联合电磁频谱作战的统一指挥,_,_
任务,需要,一位联合电磁频谱作战分队副队长,_,_
人员,有,互补性核心专业知识,_,_
流程,_,和,_,398
管理,_,和,_,398
分析,_,和,_,398
参谋部,_,和,_,399
机构,_,和,_,399
部队,_,和,_,399
和,进行,同步,399,_
部队,进行,影响/利用/行动,_,_
该部门,包含,联络官(包括多国人员),_,_
支援,_,和,_,400
作战,_,和,_,400
该部门,协调,和,_,400
作战数据,相关,电磁频谱,_,_
规划,_,和,_,401
周期,_,和,_,401
电磁频谱管理员,位于,联合频率管理办公室,_,_
联合接口,控制,军官,_,_
军事,欺骗,计划员,_,_
作战,_,及,_,402
联合,_,及,_,402
情报机构,相关,及,_,402
图2_3,给,电磁频谱作战小组组织结构的概念示意,_,_
联合电磁频谱作战分队,具备,适当的保密性,_,_
联合电磁频谱作战分队人员,获得,适当的许可,_,_
联合电磁频谱作战分队人员,支持,其各自的职责(例如军事欺骗、军事信息支援行动),_,_
联合电磁频谱作战分队的最佳人员配置,包括,特种技术作战人员,_,_
行政,_,和,_,403
后勤,_,和,_,403
支持,_,和,_,403
网络,_,和,_,403
情报,_,和,_,403
通信,_,和,_,403
系统,_,和,_,403
法律,_,和,_,403
联合电磁频谱作战分队,获得,和,_,403
每个军种,有,不同的方式,_,_
每个军种,组织,其部队,_,_
规划,_,和,_,404
协调,_,和,_,404
以下信息,概述,和,_,404
规划,_,和,_,405
协调,_,和,_,405
每个军种的电磁频谱作战,促进,和,_,405
指挥官,_,及其,_,406
人员,_,及其,_,406
人员,_,及其,_,407
指挥官,_,及其,_,407
指挥官,_,及其,_,408
人员,_,及其,_,408
指挥官,_,及其,_,409
人员,_,及其,_,409
空间,_,和,_,410
频谱,_,和,_,410
这,是,和,_,410
空间,_,和,_,411
电磁战,_,和,_,411
空间,_,和,_,412
电磁战,_,和,_,412
和,使,陆军,412,_
人员,_,和,_,413
设备,_,和,_,413
设施,_,和,_,413
网络,_,和,_,413
陆军,保护,和,_,413
频谱管理行动,确保,陆军接入电磁频谱并消除冲突,_,_
陆军,接,电磁频谱,_,_
陆军,消除,冲突,_,_
频谱管理行动,提供,支持,_,_
整合,_,和,_,414
规划,_,和,_,414
同步,_,和,_,414
副指挥官,负责,信息,_,_
海军陆战队总部负责信息的副指挥官,是,海军陆战队电磁频谱作战的倡导者,_,_
发展,_,与,_,415
整合,_,与,_,415
合作方,_,和,_,416
部队,_,和,_,416
机构,_,和,_,416
与,负责,和,415,416
整合,_,与,_,417
发展,_,与,_,417
电子战,_,和,_,418
作战,_,和,_,418
与,确定,和,417,418
发展,_,与,_,419
整合,_,与,_,419
排序,_,和,_,420
整合,_,和,_,420
与,进行,和,419,420
部门,_,和,_,421
政策,_,和,_,421
计划,_,和,_,421
作战,_,和,_,421
指挥官,_,和,_,421
海军陆战队总部的主要利益相关方,包括,和,_,421
作战,_,和,_,422
计划,_,和,_,422
政策,_,和,_,422
指挥官,_,和,_,423
部门,_,和,_,423
和,负责,和,423,422
电磁频谱作战,提供,便利,_,_
电磁频谱作战,拒止,敌方对电磁频谱的接入,_,_
这,有助于,海军陆战队空地特遣部队控制作战进程，以支持指挥官的目标,_,_
海军陆战队空地特遣部队,控制,作战进程,_,_
海军陆战队空地特遣部队,支持,指挥官的目标,_,_
协同的海军陆战队空地特遣部队电磁频谱作战,瞄准,敌方,_,_
中立方,_,和,_,424
己方,_,和,_,424
协同的海军陆战队空地特遣部队电磁频谱作战,减少,和,_,424
海军陆战队的电磁频谱作战方法,反映,五要素的设计,_,_
海军陆战队,处理,电磁频谱作战,_,_
海军陆战队,保持,电磁频谱优势,_,_
这一设计,提供,认知基础,_,_
海军陆战队空地特遣部队,获得,电磁频谱优势,_,_
海军陆战队空地特遣部队,保持,电磁频谱优势,_,_
小组,_,和,_,425
评估,_,和,_,426
规划,_,和,_,426
实施,_,和,_,426
和,进行,和,425,426
小组,_,和,_,427
和,加快,作战进度,427,_
小组,_,和,_,428
和,取得,军事优势,428,_
电磁频谱作战小组的架构,源自,传统的电磁战协调小组,_,_
外部,_,和,_,429
规划,_,和,_,429
协调,_,和,_,429
请求,_,和,_,429
内,_,和,_,429
外部,_,和,_,430
内,_,和,_,430
内,_,和,_,431
外部,_,和,_,431
外部,_,和,_,432
内,_,和,_,432
和,进行,赛博空战作战,432,_
电磁频谱作战小组,是,施加潜在影响的主要手段,_,_
指挥官,规划,作战行动,_,_
指挥官,协调,作战行动,_,_
指挥官,实施,作战行动,_,_
指挥官,消除,冲突,_,_
电磁频谱作战小组,是,对电磁作战环境施加潜在影响的主要手段,_,_
电磁频谱作战小组,使用,电磁频谱协调文件,_,_
支持,_,和,_,433
电磁频谱作战小组,定义,和,_,433
电磁频谱作战小组,确定,具体的控制措施,_,_
电磁频谱作战小组,同步,电磁频谱中和通过电磁频谱发生的行动,_,_
系统,_,与,_,434
指挥,_,与,_,434
通信,_,与,_,434
控制,_,与,_,434
计算机,_,与,_,434
制定,_,和,_,435
监督,_,和,_,435
作战,_,和,_,435
需求,_,和,_,435
使用,_,和,_,435
与,负责,和,434,435
需求,_,和,_,436
使用,_,和,_,436
作战,_,和,_,436
计算机,_,与,_,437
控制,_,与,_,437
通信,_,与,_,437
指挥,_,与,_,437
与,制定,海军陆战队政策,437,_
计算机,_,与,_,438
控制,_,与,_,438
指挥,_,与,_,438
通信,_,与,_,438
监督,_,和,_,439
指导,_,和,_,439
程序,_,和,_,439
与,提供,和,438,439
海军陆战队,派出,海军陆战队代表(在政策层面),_,_
行政,_,和,_,440
技术,_,和,_,440
作战,_,和,_,440
海军陆战队,支持,海军陆战队的电磁频谱作战需求,_,_
海军,_,和,_,441
陆战队,_,和,_,441
和,是,海军主要的地区办公室,441,_
非战术,_,和,_,442
非通信,_,和,_,442
战术,_,和,_,442
通信,_,和,_,442
客户,_,和,_,443
部队,_,和,_,443
设施,_,和,_,443
和,需要,和,443,442
非战术,_,和,_,444
战术,_,和,_,444
非通信,_,和,_,444
通信,_,和,_,444
海军,_,和,_,445
陆战队,_,和,_,445
帮助,_,和,_,446
支援,_,和,_,446
和,提供,和,445,446
电磁频谱支持,遵循,作战司令部的指导,_,_
海军陆战队,评估,电磁频谱作战的多种参谋组织选项,_,_
电磁战管理活动,协调,冲突,_,_
电磁战管理活动,消除,冲突,_,_
美国海军陆战队空地特遣部队频谱管理的主要机制,是,军种级频率限制清单,_,_
频率,_,和,_,447
频率,_,和,_,448
电磁机动战,是,海军在电磁频谱中获得决定性军事优势的作战手段,_,_
海军,获得,决定性军事优势,_,_
电磁机动战,是,支持联合电磁频谱作战的基本概念,_,_
活动,相关,与电磁频谱,_,_
评估,_,和,_,449
环境,_,和,_,449
监控,_,和,_,449
感知,_,和,_,449
活动,_,和,_,449
和,提供,战略优势,449,_
监控,_,和,_,450
评估,_,和,_,450
环境,_,和,_,450
感知,_,和,_,450
活动,_,和,_,450
和,使,海军,450,_
海军,具有,行动自由,_,_
指挥官,_,或,_,451
海上作战中心,是,或,_,451
指挥官,_,或,_,452
组织机制,支持,或,_,452
指导,_,和,_,453
执行,_,和,_,453
海上作战中心,是,和,_,453
指导,_,和,_,454
执行,_,和,_,454
桥梁,连接,和,_,454
工作组,_,和,_,455
小组,_,和,_,455
工作组,_,和,_,456
小组,_,和,_,456
和,进行,指导,456,_
小组,_,和,_,457
工作组,_,和,_,457
工作组,_,和,_,458
小组,_,和,_,458
工作组,_,和,_,459
小组,_,和,_,459
行动,相关,与电磁战斗管理,_,_
管理,_,和,_,460
控制,_,和,_,460
指挥,_,和,_,460
海上作战中心,执行,和,_,460
指挥官,_,或,_,461
海上作战中心,使,或,_,461
指挥官,_,或,_,462
指挥官,_,或,_,463
指挥官,_,或,_,464
指挥官,_,或,_,465
海上作战中心,提出,海上组成部队的需求,_,_
海上作战中心,协调,所有的海上变更/输入,_,_
电磁频谱战备,是,海军的一个关键事项,_,_
系统,_,/,_,466
平台,_,/,_,466
系统,_,/,_,467
平台,_,/,_,467
/,执行,其设计功能,467,_
资产,_,和,_,468
资源,_,和,_,468
资产,_,和,_,469
资源,_,和,_,469
资源,_,和,_,470
资产,_,和,_,470
设在空中作战中心的非动能作战协调小组,实施,电磁频谱作战,_,_
非动能作战协调小组,提供,电磁频谱能力整合,_,_
空军,进行,行动,_,_
攻击,_,和,_,471
防护,_,和,_,471
管理,_,和,_,471
利用,_,和,_,471
部队,_,和,_,472
链,_,和,_,472
非动能作战协调小组,负责,和,_,472
空中组成部队指挥官,传达,实现电磁频谱优势的计划,_,_
空中组成部队指挥官,实现,电磁频谱优势,_,_
非动能作战协调小组,领导,空军电磁战斗管理系统的工作,_,_
非动能作战协调小组,进行,优先级排序,_,_
非动能作战协调小组,发布,频率授权,_,_
非动能作战协调小组,提供,指导,_,_
非动能作战协调小组,进行,联系,_,_
协调,_,和,_,473
规划,_,和,_,473
人员,参与,和,_,473
协调,_,以及,_,474
规划,_,以及,_,474
监测,_,和,_,475
提供,_,和,_,475
评估,_,和,_,475
海岸警卫队的联合电磁频谱作战行动,包括,和,_,475
海岸警卫队,实施,联合电磁频谱作战,_,_
海岸警卫队,实施,联合电磁频谱作战,_,_
海岸警卫队,进行,协调,_,_
认证,_,和,_,476
政策,_,和,_,476
海岸警卫队通信政策部(CG_672),是,和,_,476
事宜,_,和,_,477
政策,_,和,_,477
办公室,负责,和,_,477
信息官,_,和,_,478
指挥官,_,和,_,478
系统,_,和,_,478
技术,_,和,_,478
控制,_,和,_,478
指挥,_,和,_,478
通信,_,和,_,478
通信政策部,隶属,和,_,478
技术,_,和,_,479
通信,_,和,_,479
系统,_,和,_,479
控制,_,和,_,479
指挥,_,和,_,479
助理指挥官,负责,和,_,479
分部,_,和,_,480
系统,_,和,_,480
指挥,_,和,_,480
部门,_,和,_,480
控制,_,和,_,480
通信,_,和,_,480
和,管理,射频频谱,480,_
控制,_,和,_,481
指挥,_,和,_,481
部门,_,和,_,481
分部,_,和,_,481
通信,_,和,_,481
系统,_,和,_,481
和,代表,海岸警卫队,481,_
军事,_,和,_,482
民事,_,和,_,482
监管,_,和,_,482
和,协调,频谱管理,482,_
分部,_,/,_,483
部门,_,/,_,483
部门,_,/,_,484
分部,_,/,_,484
/,指导,海岸警卫队范围内的频谱管理活动,484,_
系统,_,和,_,485
控制,_,和,_,485
分部,_,和,_,485
指挥,_,和,_,485
中心,_,和,_,485
通信,_,和,_,485
部门,_,和,_,485
和,支持,美国海岸警卫队的任务,485,_
系统,_,和,_,486
通信,_,和,_,486
中心,_,和,_,486
部门,_,和,_,486
分部,_,和,_,486
控制,_,和,_,486
指挥,_,和,_,486
办公室,_,和,_,487
指挥官,_,和,_,487
管理,_,和,_,487
顾问,_,和,_,487
控制,_,和,_,487
系统,_,和,_,487
通信,_,和,_,487
政策部,_,和,_,487
技术,_,和,_,487
指挥,_,和,_,487
监管,_,和,_,487
信息官,_,和,_,487
和,担任,和,486,487
系统,_,和,_,488
通信,_,和,_,488
控制,_,和,_,488
技术,_,和,_,488
指挥,_,和,_,488
助理指挥官,负责,和,_,488
海岸警卫队区域指挥部,配置,主要频谱管理员,_,_
主要频谱管理员,担任,主要的野战办事处代表,_,_
情况,_,和,_,489
设施,_,和,_,489
分队,_,和,_,489
海岸警卫队用户,包括,和,_,489
主要频谱管理员,提供,频谱管理支援,_,_
警卫队,_,和,_,490
力量,_,和,_,490
国民警卫队,提供,和,_,490
警卫队,_,和,_,491
和,提供,协助,491,_
国民警卫队的部队,执行,海外现役任务,_,_
国民警卫队,建立,可互操作的通信,_,_
国民警卫队,处于,《美国法典》第10卷状态,_,_
处于《美国法典》第10卷状态的国民警卫队,列为,联合电磁频谱作战,_,_
状态,_,或,_,492
国民警卫队,接受,州长的指挥控制,_,_
应急部队,处于,《美国法典》第10卷状态,_,_
联合部队指挥官,进行,协调,_,_
联邦,_,和,_,493
州,_,和,_,493
联合部队指挥官,实现,和,_,493
控制,_,和,_,494
计算机,_,和,_,494
指挥,_,和,_,494
通信,_,和,_,494
和,是,国民警卫局内的指定办公室,494,_
计算机,_,和,_,495
控制,_,和,_,495
通信,_,和,_,495
指挥,_,和,_,495
实施,_,和,_,496
规划,_,和,_,496
和,负责,和,495,496
指挥,_,和,_,497
控制,_,和,_,497
通信,_,和,_,497
计算机,_,和,_,497
和,提供,支持,497,_
指挥,_,和,_,498
控制,_,和,_,498
计算机,_,和,_,498
通信,_,和,_,498
和,进行,沟通,498,_
状态,_,和,_,499
控制,_,和,_,500
计算机,_,和,_,500
通信,_,和,_,500
指挥,_,和,_,500
和,提供,频谱支持,500,_
计算机,_,和,_,501
通信,_,和,_,501
控制,_,和,_,501
指挥,_,和,_,501
和,促进,这种协调,501,_
计算机,_,和,_,502
控制,_,和,_,502
指挥,_,和,_,502
通信,_,和,_,502
控制,_,和,_,503
指挥,_,和,_,503
计算机部,_,和,_,503
通信,_,和,_,503
和,合作,和,502,503
控制,_,和,_,504
计算机,_,和,_,504
指挥,_,和,_,504
通信,_,和,_,504
和,提供,支持,504,_
通信,_,和,_,505
计算机,_,和,_,505
指挥,_,和,_,505
控制,_,和,_,505
办公室,_,和,_,506
司令部,_,和,_,506
和,协调,和,505,506
通信,_,和,_,507
计算机,_,和,_,507
控制,_,和,_,507
指挥,_,和,_,507
和,提供,《国民警卫队互操作性现场行动指南》,507,_
州际,_,和,_,508
区域,_,和,_,508
《国民警卫队互操作性现场行动指南》,提供,指导,_,_
指挥,_,和,_,509
控制,_,和,_,509
通信,_,和,_,509
计算机,_,和,_,509
指挥,_,所,_,510
计算机部,_,所,_,510
通信,_,所,_,510
控制,_,所,_,510
和,加入,所,509,510
上级当局,规定,范围,_,_
程序,_,和,_,511
政策,_,和,_,511
联合频谱管理分队,制定,和,_,511
程序,_,和,_,512
政策,_,和,_,512
联合频谱管理分队,实施,和,_,512
联合频谱管理分队,发布,联合通信_电子操作说明,_,_
联合频谱管理分队,提供,更明确的指导,_,_
法律,_,和,_,513
程序,_,和,_,513
法规,_,和,_,513
国民警卫队联合部队州总部频谱管理人员,确保,和,_,513
其,分配,频谱资源,_,_
法律,_,和,_,514
程序,_,和,_,514
法规,_,和,_,514
其分配的频谱资源,符合,和,_,514
状态,_,或,_,515
国民警卫队联合部队州总部频谱管理人员,确保,或,_,515
状态,_,或,_,516
人员,_,和,_,517
指挥官,_,和,_,517
中心,_,或,_,518
军事,_,或,_,518
促进,_,或,_,518
环境,_,或,_,518
进行,_,或,_,518
行动,_,或,_,518
人员,_,或,_,518
和,意识,或,517,518
环境,_,和,_,519
行动,_,和,_,519
电磁作战环境,无,干扰,_,_
安全局,_,和,_,520
情报局,_,和,_,520
机构,_,和,_,520
组织,_,和,_,520
编录,_,和,_,521
识别,_,和,_,521
更新,_,和,_,521
和,寻求,和,520,521
组织,_,和,_,522
机构,_,和,_,522
情报局,_,和,_,522
安全局,_,和,_,522
安全局,_,/,_,523
安全署,_,/,_,523
/,围绕,作战,523,_
安全局,_,/,_,524
安全署,_,/,_,524
分析,_,和,_,525
交换,_,和,_,525
/,进行,和,524,525
这些数据库,提供,信号情报支持,_,_
航空,_,和,_,526
航天,_,和,_,526
中心,_,和,_,526
参数,_,和,_,527
性能,_,和,_,527
和,定义,和,526,527
中心,_,和,_,528
航天,_,和,_,528
航空,_,和,_,528
理论,_,和,_,529
战术,_,和,_,529
和,分析,和,528,529
航天,_,和,_,530
航空,_,和,_,530
中心,_,和,_,530
理论,_,和,_,531
战术,_,和,_,531
和,提供,和,530,531
国家级的收集工作,提供,关于敌方电磁基础设施的大部分情报,_,_
国防情报局国防情报收集协调中心,是,调度国家资产收集情报的协调中心,_,_
中心,调度,国家资产,_,_
国防情报局国防情报收集协调中心,响应,联合电磁频谱作战的情报需求,_,_
联合情报作战中心,做出,响应,_,_
需求,需要,国家级资产处理,_,_
联合情报作战中心,转交,需要国家级资产处理的需求,_,_
作战指挥官,确定,程序,_,_
有关战区级情报支持更多的信息,参阅,JP2_0《联合情,_,_
联合参谋部情报处,是,向联合电磁频谱作战提供情报支持的主要联络点,_,_
联络点,提供,情报支持,_,_
联合部队指挥官,决定,建立一支联合特遣部队联合情报支持分队，以扩充下属联合部队联合参谋部的情报处,_,_
收集,_,和,_,532
发布,_,和,_,532
生成,_,和,_,532
联合情报支持分队,管理,和,_,532
名,_,或,_,533
联合参谋部情报处,指派,或,_,533
名,_,或,_,534
或,到,联合电磁频谱作战分队,534,_
名,_,或,_,535
或,进行,联络,535,_
作战,_,和,_,536
收集,_,和,_,536
分隔,_,和,_,536
支持,_,和,_,536
分析,_,和,_,536
这种联络的目的,是,和,_,536
计划人员,联合,电磁频谱作战,_,_
联合电磁频谱作战的计划人员,发现,有必要与参谋部情报部门的各种人员合作,_,_
多国部队指挥官,指导,多国部队,_,_
多国部队,规划,联合电磁频谱作战,_,_
多国部队,实施,联合电磁频谱作战,_,_
电磁战协调小组,承担,联合电磁频谱作战分队的部分职责,_,_
北约/多国术语,沿用,电磁战协调小组,_,_
多国部队指挥官,分配,联合电磁频谱作战资源的管理职责,_,_
规划,_,和,_,537
整合,_,和,_,537
多国参谋的作战负责人,承担,和,_,537
联合电磁频谱作战参谋的主要职责,是,确保多国部队指挥官得到美国联合部队指挥官所期望的联合电磁频谱作战支援,_,_
支援,_,所,_,538
作战,_,所,_,538
多国部队指挥官,得到,所,_,538
美国联合部队指挥官,期望,作战支援,_,_
多国部队所有组成部队的指挥官,提供,合格的参谋人员(例如电磁战军官、电磁频谱管理人员、情报人员、战斗损伤评估电子战辅助人员),_,_
扩编参谋人员的理由,是,伙伴国的官员通常是多国联合电磁频谱作战计划分队的正式成员，并对指挥链负责,_,_
伙伴国的官员,是,多国联合电磁频谱作战计划分队的正式成员,_,_
伙伴国的官员,负责,对指挥链,_,_
直接编入电磁战协调小组,实施,统一指挥,_,_
程序,_,和,_,539
计划,_,和,_,539
计划,_,和,_,540
程序,_,和,_,540
和,得到,正确解释,540,_
职责,对等,与美国军官,_,_
材料,_,和,_,541
兼容性,_,和,_,541
装备,_,和,_,541
设备,_,和,_,541
部门,_,和,_,542
小组,_,和,_,542
部门,_,和,_,543
小组,_,和,_,543
和,保持,经常联络,543,_
适当,_,和,_,544
有效,_,和,_,544
计划中的电磁战瞄准任务,产生,影响,_,_
指挥,_,和,_,545
控制,_,和,_,545
跟踪,_,和,_,546
补救,_,和,_,546
指南,_,和,_,547
原则,_,和,_,547
支持,_,和,_,548
进行,_,和,_,548
协调,_,和,_,548
支持,_,和,_,549
协调,_,和,_,549
重,_,和,_,549
伙伴国,联合,电磁频谱作战军官,_,_
伙伴国指挥官,派驻,合格的联合电磁频谱作战人员(例如电磁战军官、电磁频谱管理人员、情报参谋),_,_
控制,_,和,_,550
结构,_,和,_,550
设施,_,和,_,550
组织,_,和,_,550
情报,_,和,_,550
能力,_,和,_,550
指挥,_,和,_,550
需求,_,和,_,550
信息,适合,他们接收,_,_
他们,接收,信息,_,_
O_4,_,或,_,551
级别,_,或,_,551
O_3,_,或,_,551
这些要求,意味着,或,_,551
O_3,_,或,_,552
O_4,_,或,_,552
有关官员,达到,或,_,552
他们,是,从国家级部门中抽调的扩编人员,_,_
他们,来自,多国部队,_,_
